car_no,lap_time,gap,lap_index,lap_time_seconds
10,4:22.383,6.244,1,262.383
10,2:13.427,14.628,2,133.427
10,2:32.648,21.752,3,152.648
10,2:20.998,27.774,4,140.998
10,2:11.855,20.652,5,131.855
10,2:11.529,26.251,6,131.529
10,3:22.485,17.963,7,202.485
10,4:03.035,17.969,8,243.035
10,2:10.903,27.781,9,130.903
10,2:10.629,27.379,10,130.629
10,2:11.258,32.468,11,131.258
10,3:33.878,9.078,12,213.878
10,2:17.516,14.487,13,137.516
2,4:16.640,0.501,1,256.64
2,2:18.348,1.709,2,138.348
2,2:22.188,11.209,3,142.188
2,3:47.443,1 Lap,4,227.44299999999998
2,2:08.848,1 Lap,5,128.848
2,2:08.044,1 Lap,6,128.044
2,2:07.185,1:20.637,7,127.185
2,2:07.980,1:21.427,8,127.98
2,2:22.328,1 Lap,9,142.328
2,2:07.309,1 Lap,10,127.309
2,3:05.145,1:29.529,11,185.145
2,2:09.285,53.592,12,129.285
2,2:05.372,1 Lap,13,125.372
2,2:06.626,1 Lap,14,126.626
2,2:07.762,1 Lap,15,127.762
2,2:07.739,1:52.695,16,127.739
2,2:07.609,1:51.034,17,127.609
2,4:59.352,1 Lap,18,299.352
2,2:40.556,1 Lap,19,160.55599999999998
2,2:08.537,1 Lap,20,128.537
2,2:07.983,1 Lap,21,127.983
2,2:09.544,30.320,22,129.544
2,3:01.270,25.224,23,181.27
2,2:05.883,1:56.434,24,125.883
2,2:04.906,1:54.639,25,124.906
2,2:09.045,2:04.875,26,129.045
2,2:10.052,1 Lap,27,130.052
2,2:09.687,1 Lap,28,129.687
2,2:09.436,1 Lap,29,129.436
2,2:09.301,1 Lap,30,129.301
2,2:15.665,2.398,31,135.665
2,3:35.587,1:40.965,32,215.587
2,2:10.054,1 Lap,33,130.054
2,2:07.785,1 Lap,34,127.785
2,2:08.626,1 Lap,35,128.626
2,2:14.076,1:28.014,36,134.076
2,4:48.163,1 Lap,37,288.163
2,4:55.108,1 Lap,38,295.108
2,2:06.891,1 Lap,39,126.891
2,2:06.970,1 Lap,40,126.97
2,2:10.124,59.394,41,130.124
2,2:08.194,1:02.038,42,128.194
2,2:05.899,1 Lap,43,125.899
2,2:07.162,1 Lap,44,127.162
2,2:07.991,1 Lap,45,127.991
2,2:07.735,1 Lap,46,127.735
2,2:08.176,1:51.034,47,128.176
2,2:07.806,1:50.555,48,127.806
2,2:46.791,1 Lap,49,166.791
2,2:09.092,1 Lap,50,129.092
2,2:09.532,2:09.809,51,129.532
2,2:08.041,2:02.887,52,128.041
2,4:42.430,14.396,53,282.43
2,4:45.350,2.590,54,285.35
2,2:06.154,1:53.955,55,126.154
2,2:08.699,1:55.631,56,128.699
2,2:10.425,2:00.981,57,130.425
2,2:10.455,2:03.742,58,130.455
2,2:11.168,1 Lap,59,131.168
2,2:09.914,1 Lap,60,129.914
2,2:10.710,1 Lap,61,130.71
2,2:10.401,1 Lap,62,130.401
2,3:32.307,2.409,63,212.30700000000002
2,4:03.492,2.872,64,243.492
2,2:20.614,1:55.649,65,140.614
2,2:12.509,1:58.785,66,132.50900000000001
2,2:07.784,1 Lap,67,127.784
2,2:07.067,1 Lap,68,127.06700000000001
2,2:14.883,2:19.666,69,134.883
2,2:09.511,2:00.887,70,129.511
2,3:08.042,1 Lap,71,188.042
2,2:08.020,1 Lap,72,128.02
2,3:31.434,1 Lap,73,211.434
2,2:53.642,1 Lap,74,173.642
2,2:06.950,1 Lap,75,126.95
2,2:08.345,1 Lap,76,128.345
2,2:07.942,1:04.390,77,127.94200000000001
2,2:09.495,1 Lap,78,129.495
2,2:07.457,1 Lap,79,127.457
2,2:08.341,1 Lap,80,128.341
2,2:15.389,1:56.593,81,135.389
2,2:06.454,1 Lap,82,126.454
2,2:07.260,1 Lap,83,127.26
2,2:08.187,1:45.191,84,128.187
2,2:07.213,1:43.252,85,127.213
2,3:19.296,2.674,86,199.296
2,2:07.842,1:56.339,87,127.842
2,2:09.367,1:58.529,88,129.367
2,2:09.151,1:58.162,89,129.151
2,2:08.467,1:00.573,90,128.467
2,2:10.990,1 Lap,91,130.99
2,2:10.448,1 Lap,92,130.448
2,2:09.248,1 Lap,93,129.248
2,2:11.567,1 Lap,94,131.567
2,2:08.885,1:56.639,95,128.885
2,2:07.962,1 Lap,96,127.962
2,2:10.989,1:23.696,97,130.989
2,2:09.016,1:22.037,98,129.016
2,2:07.792,1 Lap,99,127.792
2,2:09.966,1 Lap,100,129.966
2,2:07.051,2:09.764,101,127.051
2,2:08.446,2:03.654,102,128.446
2,2:14.695,1:12.216,103,134.695
2,2:07.903,1 Lap,104,127.903
2,2:07.383,1 Lap,105,127.383
2,2:07.922,1 Lap,106,127.922
2,3:16.236,3:41.711,107,196.236
2,3:44.415,1 Lap,108,224.415
2,2:43.669,1 Lap,109,163.66899999999998
2,2:06.987,1 Lap,110,126.987
2,2:07.098,1:34.515,111,127.098
2,2:07.471,24.821,112,127.471
2,2:59.585,11.521,113,179.585
2,2:10.242,2:01.101,114,130.242
2,2:08.841,2:01.044,115,128.841
2,2:18.382,1:14.403,116,138.382
2,2:56.796,2:05.638,117,176.796
2,2:09.466,1 Lap,118,129.466
2,2:09.393,1 Lap,119,129.393
2,3:39.638,1.101,120,219.638
2,2:13.313,2.307,121,133.313
2,2:07.465,1:57.935,122,127.465
2,2:15.712,2:07.380,123,135.712
2,2:08.995,1 Lap,124,128.995
2,2:08.672,1 Lap,125,128.672
2,2:08.405,1:21.626,126,128.405
2,2:07.445,1 Lap,127,127.445
2,2:08.928,1 Lap,128,128.928
2,2:07.795,1 Lap,129,127.795
2,2:10.549,1 Lap,130,130.549
2,4:20.854,3:52.261,131,260.854
2,3:33.642,1 Lap,132,213.642
2,2:06.982,1 Lap,133,126.982
2,2:07.604,1 Lap,134,127.604
2,2:07.924,1 Lap,135,127.924
2,2:07.396,1:53.911,136,127.396
2,4:23.470,1 Lap,137,263.47
2,2:07.378,1 Lap,138,127.378
2,2:07.979,1 Lap,139,127.979
2,2:09.418,27.318,140,129.418
2,3:46.359,1:52.086,141,226.359
2,2:10.885,1:57.022,142,130.885
2,2:09.351,2:01.808,143,129.351
2,2:09.075,2:03.298,144,129.075
2,2:11.131,1 Lap,145,131.131
2,2:09.315,1 Lap,146,129.315
21,4:29.851,13.712,1,269.851
21,2:24.349,29.822,2,144.349
21,2:21.224,37.760,3,141.224
21,3:21.574,1 Lap,4,201.574
21,2:56.472,1 Lap,5,176.472
21,2:22.225,2 Laps,6,142.225
21,2:22.823,3 Laps,7,142.823
21,2:34.273,4 Laps,8,154.273
21,4:49.808,4 Laps,9,289.808
21,2:21.250,3 Laps,10,141.25
21,2:21.497,3 Laps,11,141.497
21,2:19.512,4 Laps,12,139.512
21,2:19.495,4 Laps,13,139.495
21,2:19.845,5 Laps,14,139.845
21,2:19.995,5 Laps,15,139.995
21,2:20.063,5 Laps,16,140.063
21,2:19.212,6 Laps,17,139.212
21,2:19.221,6 Laps,18,139.221
21,2:25.326,6 Laps,19,145.326
21,2:36.822,6 Laps,20,156.822
21,2:29.329,6 Laps,21,149.329
21,3:37.575,7 Laps,22,217.575
21,2:20.276,7 Laps,23,140.276
21,2:53.774,7 Laps,24,173.774
21,2:18.375,6 Laps,25,138.375
21,2:17.934,6 Laps,26,137.934
21,2:19.178,7 Laps,27,139.178
21,2:19.205,8 Laps,28,139.20499999999998
21,2:19.008,8 Laps,29,139.008
21,2:19.233,8 Laps,30,139.233
21,2:42.013,38.585,31,162.013
21,2:28.791,52.400,32,148.791
21,2:20.828,52.757,33,140.828
21,2:20.434,1 Lap,34,140.434
21,2:27.671,2 Laps,35,147.671
21,2:20.551,3 Laps,36,140.551
21,2:21.240,3 Laps,37,141.24
21,3:20.790,3 Laps,38,200.79
21,2:21.108,3 Laps,39,141.108
21,2:18.154,4 Laps,40,138.154
21,2:18.370,4 Laps,41,138.37
21,2:19.679,5 Laps,42,139.679
21,2:26.471,6 Laps,43,146.471
21,2:18.837,7 Laps,44,138.837
21,2:19.853,7 Laps,45,139.853
21,2:42.185,6 Laps,46,162.185
21,2:22.580,7 Laps,47,142.57999999999998
21,4:41.846,7 Laps,48,281.846
21,3:06.883,6 Laps,49,186.883
21,2:18.623,6 Laps,50,138.623
21,2:19.573,6 Laps,51,139.573
21,2:17.175,8 Laps,52,137.175
21,2:17.831,8 Laps,53,137.831
21,2:19.141,8 Laps,54,139.141
21,2:19.068,8 Laps,55,139.068
21,2:19.357,8 Laps,56,139.357
21,2:19.012,9 Laps,57,139.012
21,3:10.002,30.106,58,190.002
21,2:27.185,1:14.012,59,147.185
21,3:06.998,1 Lap,60,186.998
21,2:20.771,1 Lap,61,140.77100000000002
21,2:19.949,1 Lap,62,139.949
21,4:04.187,3 Laps,63,244.187
21,2:33.161,2 Laps,64,153.161
21,2:22.168,3 Laps,65,142.168
21,2:30.626,3 Laps,66,150.626
21,3:18.832,3 Laps,67,198.832
21,2:27.229,3 Laps,68,147.22899999999998
21,2:20.258,4 Laps,69,140.258
21,2:20.867,5 Laps,70,140.867
21,2:19.890,5 Laps,71,139.89
21,3:49.416,6 Laps,72,229.416
21,2:20.279,7 Laps,73,140.279
21,2:20.227,6 Laps,74,140.227
21,2:20.457,6 Laps,75,140.457
21,2:20.745,7 Laps,76,140.745
21,2:17.780,7 Laps,77,137.78
21,2:30.938,6 Laps,78,150.938
21,2:45.244,6 Laps,79,165.244
21,2:19.993,6 Laps,80,139.993
21,2:20.231,6 Laps,81,140.231
21,2:17.762,7 Laps,82,137.762
21,2:17.788,7 Laps,83,137.788
21,2:19.076,8 Laps,84,139.076
21,2:19.207,9 Laps,85,139.207
21,2:19.744,9 Laps,86,139.744
21,2:20.506,1 Lap,87,140.506
21,2:20.018,1 Lap,88,140.018
21,2:24.767,3 Laps,89,144.767
21,2:22.757,3 Laps,90,142.757
21,2:21.691,3 Laps,91,141.691
21,2:38.801,3 Laps,92,158.801
21,2:22.264,3 Laps,93,142.264
21,3:45.313,4 Laps,94,225.313
21,2:22.613,4 Laps,95,142.613
21,2:18.906,4 Laps,96,138.906
21,2:19.018,4 Laps,97,139.018
21,2:20.253,5 Laps,98,140.253
21,2:20.885,5 Laps,99,140.885
21,2:29.488,6 Laps,100,149.488
21,3:24.221,6 Laps,101,204.221
21,2:20.052,7 Laps,102,140.052
21,2:43.067,7 Laps,103,163.067
21,2:19.172,6 Laps,104,139.172
21,2:19.369,6 Laps,105,139.369
21,2:18.751,7 Laps,106,138.751
21,2:17.891,7 Laps,107,137.891
21,2:46.154,6 Laps,108,166.154
21,2:22.278,6 Laps,109,142.278
21,2:20.955,7 Laps,110,140.95499999999998
21,2:17.382,7 Laps,111,137.382
21,2:17.481,7 Laps,112,137.481
21,2:20.354,8 Laps,113,140.35399999999998
21,2:19.810,8 Laps,114,139.81
21,3:32.858,17.580,115,212.858
21,2:21.089,1 Lap,116,141.089
21,2:21.462,1 Lap,117,141.462
21,2:20.976,2 Laps,118,140.976
21,2:23.465,3 Laps,119,143.465
21,2:20.581,3 Laps,120,140.581
21,2:22.743,3 Laps,121,142.743
21,2:20.499,3 Laps,122,140.499
21,3:49.532,4 Laps,123,229.53199999999998
21,3:43.143,4 Laps,124,223.143
21,2:19.481,4 Laps,125,139.481
21,2:20.380,5 Laps,126,140.38
21,2:21.314,6 Laps,127,141.314
21,4:56.578,7 Laps,128,296.578
21,3:06.052,6 Laps,129,186.052
21,2:21.251,6 Laps,130,141.251
21,2:20.414,7 Laps,131,140.414
21,2:18.931,6 Laps,132,138.931
21,2:26.491,7 Laps,133,146.49099999999999
21,3:38.475,7 Laps,134,218.475
21,2:18.243,8 Laps,135,138.243
21,2:19.555,8 Laps,136,139.555
21,2:19.306,8 Laps,137,139.306
22,4:21.644,5.505,1,261.644
22,2:19.173,16.951,2,139.173
22,2:15.210,18.875,3,135.21
22,3:39.531,1 Lap,4,219.531
22,2:13.250,1 Lap,5,133.25
22,2:11.984,1 Lap,6,131.984
22,2:11.699,1 Lap,7,131.699
22,2:13.963,1 Lap,8,133.963
22,2:47.059,1 Lap,9,167.059
22,2:17.468,1 Lap,10,137.468
22,2:40.768,1 Lap,11,160.768
22,2:10.431,1 Lap,12,130.431
22,2:10.307,1 Lap,13,130.307
22,2:11.757,2 Laps,14,131.757
22,2:11.285,2 Laps,15,131.285
22,2:11.691,2 Laps,16,131.691
22,2:30.164,2 Laps,17,150.164
22,2:38.266,2 Laps,18,158.266
22,2:10.221,2 Laps,19,130.221
22,2:10.520,2 Laps,20,130.52
22,3:02.083,2 Laps,21,182.083
22,4:54.603,2 Laps,22,294.603
22,2:16.593,1 Lap,23,136.593
22,2:10.028,2 Laps,24,130.028
22,2:09.339,1 Lap,25,129.339
22,2:11.277,2 Laps,26,131.277
22,2:11.896,2 Laps,27,131.89600000000002
22,2:10.823,2 Laps,28,130.823
22,2:11.346,2 Laps,29,131.346
22,2:33.921,22.286,30,153.921
22,2:22.168,29.478,31,142.168
22,2:15.893,28.937,32,135.893
22,2:10.660,1 Lap,33,130.66
22,2:12.267,1 Lap,34,132.267
22,2:14.933,1 Lap,35,134.933
22,2:12.866,1 Lap,36,132.86599999999999
22,2:15.287,1 Lap,37,135.287
22,2:11.890,1 Lap,38,131.89
22,3:29.694,1 Lap,39,209.694
22,3:34.073,2 Laps,40,214.073
22,2:12.562,2 Laps,41,132.562
22,2:12.489,1 Lap,42,132.489
22,2:15.798,1 Lap,43,135.798
22,2:10.716,2 Laps,44,130.716
22,2:11.341,2 Laps,45,131.341
22,2:18.049,2 Laps,46,138.049
22,2:41.389,2 Laps,47,161.389
22,2:10.378,2 Laps,48,130.378
22,2:10.172,2 Laps,49,130.172
22,2:16.359,2 Laps,50,136.359
22,3:05.140,1 Lap,51,185.14
22,3:25.334,1 Lap,52,205.334
22,2:10.740,1 Lap,53,130.74
22,2:10.313,1 Lap,54,130.313
22,2:11.114,1 Lap,55,131.114
22,2:11.944,2 Laps,56,131.944
22,2:11.510,2 Laps,57,131.51
22,2:11.360,2 Laps,58,131.36
22,2:10.773,2 Laps,59,130.773
22,3:22.981,20.163,60,202.981
22,2:13.807,36.814,61,133.807
22,2:19.957,47.398,62,139.957
22,2:10.438,1 Lap,63,130.438
22,2:10.469,1 Lap,64,130.469
22,2:16.517,1 Lap,65,136.517
22,2:10.279,2:38.389,66,130.279
22,2:14.825,1 Lap,67,134.825
22,4:53.961,1 Lap,68,293.961
22,3:28.712,1 Lap,69,208.712
22,2:07.510,2 Laps,70,127.51
22,2:08.348,2 Laps,71,128.348
22,2:10.433,1 Lap,72,130.433
22,2:09.559,1 Lap,73,129.559
22,3:07.584,2 Laps,74,187.584
22,2:10.694,2 Laps,75,130.694
22,2:11.611,2 Laps,76,131.611
22,2:12.280,2 Laps,77,132.28
22,3:35.283,3 Laps,78,215.28300000000002
22,2:09.376,3 Laps,79,129.376
22,2:07.501,2 Laps,80,127.501
22,3:07.934,2 Laps,81,187.934
22,2:25.393,1 Lap,82,145.393
22,2:55.482,1 Lap,83,175.482
22,2:09.370,1 Lap,84,129.37
22,2:09.703,1 Lap,85,129.703
22,2:10.730,1 Lap,86,130.73
22,2:09.388,1 Lap,87,129.388
22,2:11.163,2 Laps,88,131.163
22,2:11.965,2 Laps,89,131.965
22,2:10.711,2 Laps,90,130.711
22,2:10.794,2 Laps,91,130.794
22,3:20.027,1:56.394,92,200.027
22,2:10.427,1 Lap,93,130.427
22,2:18.200,2:08.409,94,138.2
22,2:12.009,1 Lap,95,132.00900000000001
22,2:11.177,1 Lap,96,131.177
22,2:49.029,1 Lap,97,169.029
22,2:15.316,1 Lap,98,135.316
22,2:07.851,2 Laps,99,127.851
22,2:09.873,1 Lap,100,129.873
22,2:13.039,1 Lap,101,133.039
22,2:13.408,2 Laps,102,133.408
22,2:10.608,2 Laps,103,130.608
22,3:11.067,2 Laps,104,191.067
22,3:02.507,3 Laps,105,182.507
22,2:08.368,2 Laps,106,128.368
22,2:09.356,2 Laps,107,129.356
22,2:10.390,2 Laps,108,130.39
22,2:12.409,1 Lap,109,132.409
22,2:47.243,1 Lap,110,167.243
22,2:11.757,1 Lap,111,131.757
22,2:09.770,1 Lap,112,129.77
22,2:09.485,1 Lap,113,129.485
22,2:10.809,1 Lap,114,130.809
22,2:17.587,1 Lap,115,137.587
22,2:10.354,2 Laps,116,130.35399999999998
22,2:10.990,2 Laps,117,130.99
22,3:33.636,9.885,118,213.636
22,2:10.317,2:00.542,119,130.317
22,2:22.718,1 Lap,120,142.718
22,2:10.224,1 Lap,121,130.224
22,2:11.702,1 Lap,122,131.702
22,3:09.861,1 Lap,123,189.861
22,2:10.462,1 Lap,124,130.462
22,2:15.892,1 Lap,125,135.892
22,2:10.477,1 Lap,126,130.477
22,4:39.162,1 Lap,127,279.162
22,2:10.932,1 Lap,128,130.932
22,2:11.864,1 Lap,129,131.864
22,2:11.222,2 Laps,130,131.222
22,2:11.023,2 Laps,131,131.023
22,2:11.558,2 Laps,132,131.558
22,2:12.142,2 Laps,133,132.142
22,5:06.396,3 Laps,134,306.396
22,3:02.154,2 Laps,135,182.154
22,2:10.108,2 Laps,136,130.108
22,2:10.181,2 Laps,137,130.181
22,2:12.364,2 Laps,138,132.364
22,2:11.706,2 Laps,139,131.706
22,2:11.072,1 Lap,140,131.072
22,2:10.263,1 Lap,141,130.263
22,2:08.742,1 Lap,142,128.742
22,3:01.473,2 Laps,143,181.473
22,2:10.993,2 Laps,144,130.993
23,4:20.580,4.441,1,260.58
23,2:32.800,20.101,2,152.8
23,2:12.107,10.058,3,132.107
23,4:42.655,3:04.743,4,282.655
23,2:11.615,1:37.170,5,131.615
23,2:09.935,1:52.717,6,129.935
23,2:12.660,1:58.633,7,132.66
23,2:09.801,1:09.517,8,129.801
23,2:15.974,1:18.301,9,135.974
23,2:34.925,1 Lap,10,154.925
23,2:18.310,1 Lap,11,138.31
23,3:15.259,1 Lap,12,195.25900000000001
23,2:10.136,1 Lap,13,130.136
23,2:11.029,1 Lap,14,131.029
23,2:11.889,2 Laps,15,131.889
23,2:11.573,2 Laps,16,131.573
23,2:17.291,2 Laps,17,137.291
23,4:59.463,2 Laps,18,299.463
23,2:39.685,2 Laps,19,159.685
23,2:12.020,2 Laps,20,132.02
23,2:17.048,2 Laps,21,137.048
23,3:32.781,2 Laps,22,212.781
23,2:08.430,1 Lap,23,128.43
23,2:08.609,1 Lap,24,128.609
23,3:26.020,2 Laps,25,206.02
23,2:09.674,1 Lap,26,129.674
23,2:09.644,1 Lap,27,129.644
23,2:46.646,2 Laps,28,166.64600000000002
23,2:11.409,2 Laps,29,131.409
23,2:19.236,24.361,30,139.236
23,2:10.913,15.140,31,130.913
23,2:09.048,18.258,32,129.048
23,2:09.687,1:39.822,33,129.687
23,2:12.299,2:03.279,34,132.299
23,3:09.279,1 Lap,35,189.279
23,4:33.176,1 Lap,36,273.176
23,4:56.073,1 Lap,37,296.073
23,3:25.264,1 Lap,38,205.264
23,2:10.365,1 Lap,39,130.365
23,2:10.542,1 Lap,40,130.542
23,2:11.341,1 Lap,41,131.341
23,2:16.550,1 Lap,42,136.55
23,2:11.685,2 Laps,43,131.685
23,2:12.690,2 Laps,44,132.69
23,3:28.276,2 Laps,45,208.276
23,2:42.338,2 Laps,46,162.338
23,2:08.491,2 Laps,47,128.49099999999999
23,3:03.616,2 Laps,48,183.616
23,4:37.077,2 Laps,49,277.077
23,3:39.414,1 Lap,50,219.414
23,2:09.115,1 Lap,51,129.115
23,2:10.844,2 Laps,52,130.844
23,2:09.024,2 Laps,53,129.024
23,2:09.793,1 Lap,54,129.793
23,2:11.423,2 Laps,55,131.423
23,2:10.987,2 Laps,56,130.987
23,3:22.970,15.035,57,202.97
23,4:02.384,14.390,58,242.384
23,2:09.576,18.461,59,129.576
23,2:08.954,1:42.119,60,128.954
23,2:10.894,1:44.567,61,130.894
23,2:10.939,2:00.063,62,130.939
23,2:13.012,1:44.785,63,133.012
23,2:10.984,1 Lap,64,130.984
23,2:10.422,1 Lap,65,130.422
23,3:30.706,1 Lap,66,210.706
23,2:11.596,1 Lap,67,131.596
23,2:10.623,1 Lap,68,130.623
23,2:10.316,1 Lap,69,130.316
23,3:13.112,2 Laps,70,193.112
23,2:12.803,2 Laps,71,132.803
23,2:12.249,2 Laps,72,132.249
23,2:09.190,2 Laps,73,129.19
23,2:08.777,2 Laps,74,128.777
23,2:08.890,2 Laps,75,128.89
23,2:09.597,2 Laps,76,129.597
23,2:13.085,2 Laps,77,133.085
23,2:11.628,2 Laps,78,131.628
23,2:12.143,1 Lap,79,132.143
23,2:25.368,1 Lap,80,145.368
23,2:09.108,1 Lap,81,129.108
23,2:09.145,1 Lap,82,129.145
23,2:09.703,1 Lap,83,129.703
23,2:08.902,1 Lap,84,128.902
23,2:10.985,1 Lap,85,130.985
23,2:10.409,1 Lap,86,130.409
23,2:11.466,2 Laps,87,131.466
23,2:11.122,2 Laps,88,131.122
23,2:11.043,18.473,89,131.043
23,2:12.043,24.347,90,132.043
23,2:09.565,1:45.504,91,129.565
23,2:09.579,1:47.413,92,129.579
23,2:11.443,1:08.048,93,131.443
23,2:09.626,1:06.999,94,129.626
23,2:12.275,1 Lap,95,132.275
23,2:56.451,1 Lap,96,176.451
23,2:11.377,1 Lap,97,131.377
23,2:10.002,1 Lap,98,130.002
23,2:10.149,1 Lap,99,130.149
23,2:10.681,1 Lap,100,130.681
23,2:10.285,1 Lap,101,130.285
23,2:13.278,2 Laps,102,133.278
23,2:11.134,2 Laps,103,131.13400000000001
23,3:11.787,2 Laps,104,191.787
23,2:50.862,2 Laps,105,170.862
23,2:57.009,2 Laps,106,177.00900000000001
23,2:09.805,2 Laps,107,129.805
23,2:10.821,2 Laps,108,130.821
23,2:11.586,1 Lap,109,131.586
23,2:43.794,1 Lap,110,163.79399999999998
23,2:12.285,1 Lap,111,132.285
23,2:09.436,1 Lap,112,129.436
23,2:09.238,1 Lap,113,129.238
23,2:10.640,1 Lap,114,130.64
23,2:09.616,1 Lap,115,129.61599999999999
23,2:10.933,1 Lap,116,130.933
23,2:12.000,1 Lap,117,132.0
23,3:35.383,7.417,118,215.383
23,2:15.927,11.237,119,135.927
23,2:16.734,34.814,120,136.734
23,2:10.344,1:50.673,121,130.344
23,2:09.707,1:07.890,122,129.707
23,2:10.989,1 Lap,123,130.989
23,2:10.703,1 Lap,124,130.703
23,2:14.086,1 Lap,125,134.086
23,2:11.459,1 Lap,126,131.459
23,4:10.518,1 Lap,127,250.518
23,2:10.537,1 Lap,128,130.537
23,2:11.121,1 Lap,129,131.121
23,2:13.149,2 Laps,130,133.149
23,2:11.684,2 Laps,131,131.684
23,2:12.271,2 Laps,132,132.27100000000002
23,2:12.074,2 Laps,133,132.074
23,3:01.194,2 Laps,134,181.194
23,2:09.981,2 Laps,135,129.981
23,2:10.278,2 Laps,136,130.278
23,2:14.321,2 Laps,137,134.321
23,2:18.636,2 Laps,138,138.636
23,2:09.590,1 Lap,139,129.59
23,2:09.705,1 Lap,140,129.705
23,2:11.150,1 Lap,141,131.15
23,2:16.199,1 Lap,142,136.199
23,2:09.554,1 Lap,143,129.554
23,2:09.419,1 Lap,144,129.419
23,2:17.139,1 Lap,145,137.139
25,4:24.610,8.471,1,264.61
25,2:28.159,36.587,2,148.159
25,2:24.105,47.406,3,144.105
25,3:50.003,1 Lap,4,230.003
25,2:19.907,1 Lap,5,139.907
25,2:26.546,1 Lap,6,146.546
25,2:18.241,2 Laps,7,138.24099999999999
25,2:18.314,2 Laps,8,138.314
25,2:46.196,3 Laps,9,166.196
25,2:18.365,3 Laps,10,138.365
25,2:18.174,3 Laps,11,138.174
25,2:24.094,4 Laps,12,144.094
25,2:18.433,4 Laps,13,138.433
25,2:20.769,4 Laps,14,140.769
25,2:20.100,5 Laps,15,140.1
25,2:19.492,5 Laps,16,139.492
25,3:44.616,6 Laps,17,224.61599999999999
25,2:28.627,6 Laps,18,148.627
25,2:38.386,6 Laps,19,158.386
25,2:18.879,6 Laps,20,138.879
25,2:20.817,7 Laps,21,140.817
25,3:03.507,7 Laps,22,183.507
25,2:17.961,6 Laps,23,137.961
25,2:26.431,7 Laps,24,146.431
25,3:35.741,7 Laps,25,215.74099999999999
25,2:17.705,8 Laps,26,137.70499999999998
25,2:18.959,8 Laps,27,138.959
25,2:20.242,8 Laps,28,140.242
25,2:50.449,41.780,29,170.449
25,2:38.859,1:05.663,30,158.859
25,2:21.288,1:02.863,31,141.288
25,2:19.030,1 Lap,32,139.03
25,2:18.573,1 Lap,33,138.573
25,3:58.284,2 Laps,34,238.284
25,2:17.746,2 Laps,35,137.746
25,4:28.119,3 Laps,36,268.119
25,4:54.970,3 Laps,37,294.97
25,2:19.148,3 Laps,38,139.148
25,2:18.039,4 Laps,39,138.039
25,2:19.687,4 Laps,40,139.687
25,2:18.092,5 Laps,41,138.09199999999998
25,2:20.259,5 Laps,42,140.25900000000001
25,2:19.393,5 Laps,43,139.393
25,2:19.041,5 Laps,44,139.041
25,2:20.230,6 Laps,45,140.23
25,2:18.180,6 Laps,46,138.18
25,2:41.457,6 Laps,47,161.457
25,2:21.167,6 Laps,48,141.167
25,2:19.950,6 Laps,49,139.95
25,2:19.095,6 Laps,50,139.095
25,4:41.618,7 Laps,51,281.618
25,3:09.293,6 Laps,52,189.293
25,2:17.929,6 Laps,53,137.929
25,2:17.925,6 Laps,54,137.925
25,2:18.905,7 Laps,55,138.905
25,2:17.755,8 Laps,56,137.755
25,2:17.762,8 Laps,57,137.762
25,2:18.609,8 Laps,58,138.609
25,3:01.567,34.934,59,181.567
25,2:20.324,1:17.257,60,140.324
25,2:20.881,1:28.765,61,140.881
25,2:18.970,1 Lap,62,138.97
25,2:22.964,2 Laps,63,142.964
25,2:17.736,2 Laps,64,137.736
25,2:18.123,2 Laps,65,138.123
25,3:30.945,3 Laps,66,210.945
25,2:18.194,3 Laps,67,138.194
25,2:18.240,3 Laps,68,138.24
25,2:18.658,4 Laps,69,138.65800000000002
25,2:19.757,5 Laps,70,139.757
25,2:19.062,6 Laps,71,139.062
25,2:17.983,6 Laps,72,137.983
25,2:18.126,7 Laps,73,138.126
25,2:18.756,6 Laps,74,138.756
25,2:25.384,6 Laps,75,145.38400000000001
25,2:28.932,6 Laps,76,148.932
25,2:46.350,6 Laps,77,166.35
25,2:18.167,6 Laps,78,138.167
25,2:17.480,6 Laps,79,137.48
25,2:16.867,7 Laps,80,136.867
25,2:16.051,7 Laps,81,136.051
25,2:18.008,8 Laps,82,138.008
25,2:18.704,8 Laps,83,138.704
25,2:18.986,8 Laps,84,138.986
25,2:19.332,8 Laps,85,139.332
25,2:21.373,1:39.107,86,141.373
25,2:20.394,1 Lap,87,140.394
25,2:18.622,1 Lap,88,138.622
25,2:18.822,2 Laps,89,138.822
25,2:18.731,2 Laps,90,138.731
25,2:18.396,2 Laps,91,138.39600000000002
25,2:55.218,3 Laps,92,175.21800000000002
25,2:24.110,3 Laps,93,144.11
25,2:24.286,3 Laps,94,144.286
25,2:18.638,4 Laps,95,138.638
25,2:20.587,4 Laps,96,140.587
25,2:20.613,5 Laps,97,140.613
25,2:20.797,5 Laps,98,140.797
25,2:20.874,6 Laps,99,140.874
25,3:26.712,5 Laps,100,206.712
25,3:03.402,7 Laps,101,183.402
25,2:18.008,6 Laps,102,138.008
25,2:18.271,6 Laps,103,138.27100000000002
25,3:37.154,7 Laps,104,217.154
25,2:21.704,7 Laps,105,141.704
25,2:47.123,6 Laps,106,167.123
25,2:18.876,6 Laps,107,138.876
25,2:18.109,6 Laps,108,138.109
25,2:18.077,6 Laps,109,138.077
25,2:17.219,7 Laps,110,137.219
25,2:19.369,7 Laps,111,139.369
25,2:18.030,8 Laps,112,138.03
25,2:19.161,8 Laps,113,139.161
25,3:30.234,20.535,114,210.234
25,2:19.048,1:51.986,115,139.048
25,2:22.518,2:08.237,116,142.518
25,2:18.611,1 Lap,117,138.611
25,2:17.158,2 Laps,118,137.15800000000002
25,2:18.695,3 Laps,119,138.695
25,2:25.402,3 Laps,120,145.402
25,2:19.737,3 Laps,121,139.737
25,4:50.431,4 Laps,122,290.431
25,4:17.239,4 Laps,123,257.239
25,2:18.441,4 Laps,124,138.441
25,2:19.488,5 Laps,125,139.488
25,2:26.075,5 Laps,126,146.075
25,5:06.199,7 Laps,127,306.199
25,3:03.879,6 Laps,128,183.879
25,2:18.411,6 Laps,129,138.411
25,2:18.936,6 Laps,130,138.936
25,2:18.124,7 Laps,131,138.124
25,2:18.536,6 Laps,132,138.536
25,2:18.183,6 Laps,133,138.183
25,2:18.909,7 Laps,134,138.909
25,2:17.003,7 Laps,135,137.003
25,2:17.296,7 Laps,136,137.296
25,2:18.036,8 Laps,137,138.036
25,2:19.389,8 Laps,138,139.389
28,4:21.300,5.161,1,261.3
28,2:33.067,21.088,2,153.067
28,2:18.203,15.569,3,138.203
28,2:13.641,15.924,4,133.641
28,4:49.920,3:24.143,5,289.92
28,2:12.675,1:57.630,6,132.675
28,2:13.488,1 Lap,7,133.488
28,2:18.176,2:00.571,8,138.176
28,2:13.141,1 Lap,9,133.141
28,2:47.027,1 Lap,10,167.027
28,2:10.457,1 Lap,11,130.457
28,2:09.702,1 Lap,12,129.702
28,3:21.640,1 Lap,13,201.64
28,2:11.109,1 Lap,14,131.109
28,2:10.956,1 Lap,15,130.956
28,2:10.487,1 Lap,16,130.487
28,2:09.131,2 Laps,17,129.131
28,2:10.691,2 Laps,18,130.691
28,2:12.118,2 Laps,19,132.118
28,2:44.986,2 Laps,20,164.986
28,2:10.154,2 Laps,21,130.154
28,3:07.390,2 Laps,22,187.39
28,2:10.648,3 Laps,23,130.648
28,2:09.822,3 Laps,24,129.822
28,2:09.994,3 Laps,25,129.994
28,2:09.151,3 Laps,26,129.151
28,2:10.473,3 Laps,27,130.473
28,2:11.516,3 Laps,28,131.516
28,2:12.372,3 Laps,29,132.372
28,2:10.847,3 Laps,30,130.847
28,2:22.656,28.768,31,142.656
28,2:11.943,22.036,32,131.943
28,2:11.046,27.152,33,131.046
28,2:10.749,2:01.344,34,130.749
28,2:11.146,1 Lap,35,131.14600000000002
28,2:11.473,1 Lap,36,131.473
28,3:36.550,1 Lap,37,216.55
28,3:29.537,1 Lap,38,209.537
28,2:11.077,1 Lap,39,131.077
28,2:10.118,1 Lap,40,130.118
28,2:10.251,1 Lap,41,130.251
28,2:11.764,1 Lap,42,131.764
28,2:10.592,1 Lap,43,130.592
28,2:08.535,2 Laps,44,128.535
28,2:08.810,2 Laps,45,128.81
28,2:11.285,2 Laps,46,131.285
28,2:09.704,2 Laps,47,129.704
28,2:55.756,2 Laps,48,175.756
28,2:10.267,2 Laps,49,130.267
28,2:09.826,2 Laps,50,129.826
28,4:41.413,2 Laps,51,281.413
28,3:10.479,1 Lap,52,190.47899999999998
28,2:07.264,3 Laps,53,127.264
28,2:09.037,3 Laps,54,129.037
28,2:09.446,3 Laps,55,129.446
28,2:11.866,3 Laps,56,131.86599999999999
28,2:10.586,3 Laps,57,130.586
28,2:11.440,3 Laps,58,131.44
28,2:11.728,3 Laps,59,131.728
28,3:23.016,19.488,60,203.016
28,4:02.675,19.134,61,242.675
28,2:10.689,28.468,62,130.689
28,2:10.611,2:05.298,63,130.611
28,2:11.318,2:08.170,64,131.318
28,2:14.474,1 Lap,65,134.474
28,2:11.799,2:17.548,66,131.799
28,2:10.978,1 Lap,67,130.978
28,2:10.285,1 Lap,68,130.285
28,4:53.543,1 Lap,69,293.543
28,3:28.162,1 Lap,70,208.162
28,2:15.414,1 Lap,71,135.414
28,2:10.682,1 Lap,72,130.682
28,2:09.826,1 Lap,73,129.826
28,2:11.799,1 Lap,74,131.799
28,2:10.458,1 Lap,75,130.458
28,2:08.957,2 Laps,76,128.957
28,2:08.707,2 Laps,77,128.707
28,2:09.438,2 Laps,78,129.438
28,3:15.975,2 Laps,79,195.975
28,2:10.054,2 Laps,80,130.054
28,2:10.305,2 Laps,81,130.305
28,2:10.384,2 Laps,82,130.38400000000001
28,2:46.859,1 Lap,83,166.859
28,2:40.962,1 Lap,84,160.962
28,2:07.986,3 Laps,85,127.986
28,2:08.076,3 Laps,86,128.076
28,2:09.461,2 Laps,87,129.461
28,2:10.434,2 Laps,88,130.434
28,2:10.401,3 Laps,89,130.401
28,2:11.457,3 Laps,90,131.457
28,2:10.864,28.301,91,130.864
28,2:11.488,33.620,92,131.488
28,2:11.335,1 Lap,93,131.335
28,2:15.802,1:45.170,94,135.802
28,2:11.140,1 Lap,95,131.14
28,2:10.618,1 Lap,96,130.618
28,2:49.791,1 Lap,97,169.791
28,2:11.991,1 Lap,98,131.99099999999999
28,3:06.491,1 Lap,99,186.49099999999999
28,2:11.257,1 Lap,100,131.257
28,2:10.027,1 Lap,101,130.027
28,2:19.171,1 Lap,102,139.171
28,2:50.534,2 Laps,103,170.534
28,2:30.625,2 Laps,104,150.625
28,2:09.613,2 Laps,105,129.613
28,2:54.061,2 Laps,106,174.061
28,2:09.377,2 Laps,107,129.377
28,2:09.786,2 Laps,108,129.786
28,2:11.850,2 Laps,109,131.85
28,2:13.538,2 Laps,110,133.538
28,2:50.060,1 Lap,111,170.06
28,2:08.707,3 Laps,112,128.707
28,2:08.691,3 Laps,113,128.691
28,2:17.174,2 Laps,114,137.174
28,2:10.635,3 Laps,115,130.635
28,2:11.340,3 Laps,116,131.34
28,2:10.299,3 Laps,117,130.299
28,3:33.457,9.473,118,213.457
28,2:19.596,46.949,119,139.596
28,2:12.633,1 Lap,120,132.633
28,2:11.145,1 Lap,121,131.145
28,2:12.841,1:47.336,122,132.841
28,2:12.049,1:50.569,123,132.049
28,2:10.017,1 Lap,124,130.017
28,2:15.252,1 Lap,125,135.252
28,4:03.085,1 Lap,126,243.085
28,2:10.676,1 Lap,127,130.676
28,2:10.257,1 Lap,128,130.257
28,3:32.272,2 Laps,129,212.272
28,2:09.887,2 Laps,130,129.887
28,2:09.558,2 Laps,131,129.558
28,5:10.335,2 Laps,132,310.335
28,4:55.161,2 Laps,133,295.161
28,2:11.781,2 Laps,134,131.781
28,2:13.011,2 Laps,135,133.011
28,2:12.095,2 Laps,136,132.095
28,2:11.891,2 Laps,137,131.891
28,6:02.925,3 Laps,138,362.925
28,2:08.858,3 Laps,139,128.858
28,2:09.017,3 Laps,140,129.017
28,3:11.646,3 Laps,141,191.64600000000002
28,2:11.326,3 Laps,142,131.326
28,2:11.510,3 Laps,143,131.51
28,2:11.869,3 Laps,144,131.869
3,4:16.907,0.768,1,256.907
3,2:27.798,11.426,2,147.798
3,2:11.523,3.116,3,131.523
3,3:23.633,15.546,4,203.633
3,2:08.645,21.209,5,128.645
3,2:10.431,36.396,6,130.431
3,2:14.974,11.424,7,134.974
3,2:09.445,6.730,8,129.445
3,2:07.116,7.916,9,127.116
3,2:09.108,17.619,10,129.108
3,2:08.950,19.912,11,128.95
3,2:15.482,29.038,12,135.482
3,3:09.020,1:23.903,13,189.02
3,2:09.143,38.050,14,129.143
3,2:08.032,37.805,15,128.032
3,3:29.217,8.345,16,209.21699999999998
3,4:03.275,8.591,17,243.275
3,2:07.152,5.695,18,127.152
3,2:09.665,4.329,19,129.665
3,2:06.727,18.193,20,126.727
3,2:13.732,1:09.345,21,133.732
3,2:08.366,38.569,22,128.36599999999999
3,2:08.059,38.946,23,128.059
3,2:09.036,7.196,24,129.036
3,2:08.211,17.776,25,128.211
3,2:07.817,17.923,26,127.81700000000001
3,2:11.639,32.804,27,131.639
3,2:09.611,31.740,28,129.611
3,2:08.319,39.023,29,128.319
3,3:37.642,4.413,30,217.642
3,2:12.573,4.879,31,132.573
3,2:08.545,9.474,32,128.545
3,2:34.353,31.101,33,154.353
3,2:08.784,19.623,34,128.784
3,2:07.576,19.308,35,127.576
3,2:08.573,31.497,36,128.573
3,2:09.832,33.155,37,129.832
3,2:07.758,37.109,38,127.758
3,2:08.149,36.368,39,128.149
31,4:21.336,5.197,1,261.336
31,2:32.117,20.174,2,152.117
31,2:13.755,13.821,3,133.755
31,4:43.853,3:14.244,4,283.853
31,2:11.952,1:47.008,5,131.952
31,2:11.996,1 Lap,6,131.996
31,2:18.040,1:54.924,7,138.04
31,2:11.147,1 Lap,8,131.147
31,2:31.983,1 Lap,9,151.983
31,2:12.399,1 Lap,10,132.399
31,2:09.659,1 Lap,11,129.659
31,2:10.803,1 Lap,12,130.803
31,2:10.670,1 Lap,13,130.67
31,2:08.346,2 Laps,14,128.346
31,2:09.343,2 Laps,15,129.343
31,2:11.424,2 Laps,16,131.424
31,4:58.474,2 Laps,17,298.474
31,2:40.405,2 Laps,18,160.405
31,2:10.803,2 Laps,19,130.803
31,2:10.020,2 Laps,20,130.02
31,2:18.957,1 Lap,21,138.957
31,2:21.339,1 Lap,22,141.339
31,2:10.388,1 Lap,23,130.388
31,2:09.788,1 Lap,24,129.788
31,2:08.732,2 Laps,25,128.732
31,2:09.617,2 Laps,26,129.617
31,2:10.371,2 Laps,27,130.371
31,2:10.772,2 Laps,28,130.772
31,2:10.723,2 Laps,29,130.723
31,2:11.173,2 Laps,30,131.173
31,2:20.015,25.213,31,140.015
31,2:11.782,19.772,32,131.782
31,2:11.654,25.496,33,131.654
31,2:11.179,1:51.152,34,131.179
31,2:11.943,1 Lap,35,131.943
31,2:13.143,1 Lap,36,133.143
31,3:33.494,1 Lap,37,213.494
31,2:13.195,1 Lap,38,133.195
31,3:48.031,1 Lap,39,228.031
31,4:53.770,1 Lap,40,293.77
31,2:11.233,1 Lap,41,131.233
31,2:17.319,1 Lap,42,137.319
31,2:11.300,1 Lap,43,131.3
31,2:12.142,1 Lap,44,132.142
31,2:10.722,1 Lap,45,130.722
31,2:09.147,2 Laps,46,129.147
31,2:11.869,2 Laps,47,131.869
31,2:09.597,2 Laps,48,129.597
31,2:09.945,2 Laps,49,129.945
31,2:44.974,2 Laps,50,164.974
31,2:11.503,2 Laps,51,131.503
31,2:16.344,2 Laps,52,136.344
31,3:53.284,1 Lap,53,233.284
31,2:09.994,1 Lap,54,129.994
31,2:10.477,2 Laps,55,130.477
31,2:10.000,2 Laps,56,130.0
31,2:12.170,2 Laps,57,132.17
31,2:11.699,2 Laps,58,131.699
31,2:11.265,2 Laps,59,131.265
31,2:10.993,2 Laps,60,130.993
31,3:23.458,16.375,61,203.458
31,4:02.382,15.728,62,242.382
31,2:10.798,26.921,63,130.798
31,2:11.415,1:55.910,64,131.415
31,2:11.186,1:58.650,65,131.186
31,2:17.426,1 Lap,66,137.426
31,2:12.981,2:16.281,67,132.981
31,2:14.772,1 Lap,68,134.772
31,3:30.620,1 Lap,69,210.62
31,3:08.583,1 Lap,70,188.583
31,2:10.467,1 Lap,71,130.467
31,2:09.784,1 Lap,72,129.784
31,2:17.897,1 Lap,73,137.897
31,2:09.985,2 Laps,74,129.985
31,2:09.738,2 Laps,75,129.738
31,2:15.181,2 Laps,76,135.181
31,2:09.283,2 Laps,77,129.283
31,2:09.549,2 Laps,78,129.549
31,3:01.160,2 Laps,79,181.16
31,2:11.444,2 Laps,80,131.444
31,4:34.837,1 Lap,81,274.837
31,3:20.409,1 Lap,82,200.409
31,2:15.819,1 Lap,83,135.819
31,2:10.846,1 Lap,84,130.846
31,2:12.465,1 Lap,85,132.465
31,2:11.020,2 Laps,86,131.02
31,2:11.038,2 Laps,87,131.038
31,2:10.808,2 Laps,88,130.808
31,2:10.690,2 Laps,89,130.69
31,2:10.504,26.394,90,130.504
31,2:11.462,31.687,91,131.462
31,2:11.299,2:01.321,92,131.299
31,2:12.008,1:40.109,93,132.008
31,2:08.788,1 Lap,94,128.788
31,2:08.870,1 Lap,95,128.87
31,2:51.198,1 Lap,96,171.198
31,2:11.900,1 Lap,97,131.9
31,2:10.323,1 Lap,98,130.323
31,2:11.971,1 Lap,99,131.971
31,2:10.364,1 Lap,100,130.364
31,3:31.578,2 Laps,101,211.578
31,2:08.834,2 Laps,102,128.834
31,2:49.044,2 Laps,103,169.04399999999998
31,2:32.039,2 Laps,104,152.039
31,3:41.246,2 Laps,105,221.246
31,2:34.524,2 Laps,106,154.524
31,2:09.916,2 Laps,107,129.916
31,2:11.240,2 Laps,108,131.24
31,2:13.206,1 Lap,109,133.206
31,2:48.436,1 Lap,110,168.436
31,2:12.709,1 Lap,111,132.709
31,3:33.779,2 Laps,112,213.779
31,2:09.524,2 Laps,113,129.524
31,2:10.403,1 Lap,114,130.403
31,2:15.426,1 Lap,115,135.426
31,2:10.794,2 Laps,116,130.794
31,3:34.642,8.029,117,214.642
31,2:17.430,13.352,118,137.43
31,2:17.697,43.117,119,137.697
31,2:11.733,2:05.384,120,131.733
31,2:15.225,1 Lap,121,135.225
31,2:13.311,1:42.745,122,133.311
31,2:11.129,1:45.058,123,131.129
31,2:09.025,1 Lap,124,129.025
31,2:10.351,1 Lap,125,130.351
31,2:08.736,1 Lap,126,128.736
31,4:02.977,1 Lap,127,242.977
31,3:21.601,1 Lap,128,201.601
31,2:10.662,1 Lap,129,130.662
31,2:10.050,1 Lap,130,130.05
31,2:10.296,2 Laps,131,130.296
31,2:09.753,2 Laps,132,129.753
31,2:09.800,2 Laps,133,129.8
31,4:06.353,2 Laps,134,246.353
31,2:10.112,2 Laps,135,130.112
31,2:10.225,2 Laps,136,130.225
31,2:10.728,1 Lap,137,130.728
31,2:10.118,1 Lap,138,130.118
31,2:10.832,1 Lap,139,130.832
31,2:10.321,1 Lap,140,130.321
31,2:10.915,2 Laps,141,130.915
31,2:10.491,2 Laps,142,130.49099999999999
31,2:56.156,2 Laps,143,176.156
31,2:10.642,2 Laps,144,130.642
31,2:10.791,2 Laps,145,130.791
33,4:25.397,9.258,1,265.397
33,2:30.339,33.688,2,150.339
33,2:32.260,52.662,3,152.26
33,3:57.327,1 Lap,4,237.327
33,2:22.782,2 Laps,5,142.782
33,2:22.566,2 Laps,6,142.566
33,2:27.287,3 Laps,7,147.287
33,2:34.842,4 Laps,8,154.84199999999998
33,4:49.224,4 Laps,9,289.224
33,2:19.549,4 Laps,10,139.549
33,2:16.950,4 Laps,11,136.95
33,3:25.760,4 Laps,12,205.76
33,2:20.541,4 Laps,13,140.541
33,2:20.602,5 Laps,14,140.602
33,2:20.852,5 Laps,15,140.852
33,2:23.271,6 Laps,16,143.27100000000002
33,2:17.403,7 Laps,17,137.403
33,2:21.178,7 Laps,18,141.178
33,2:24.862,6 Laps,19,144.862
33,2:38.512,6 Laps,20,158.512
33,2:24.697,6 Laps,21,144.697
33,3:03.285,7 Laps,22,183.285
33,2:17.649,6 Laps,23,137.649
33,2:18.862,7 Laps,24,138.862
33,2:16.204,7 Laps,25,136.204
33,2:18.863,7 Laps,26,138.863
33,2:19.372,8 Laps,27,139.372
33,2:20.014,8 Laps,28,140.014
33,2:36.188,28.306,29,156.188
33,2:30.811,44.141,30,150.811
33,2:38.212,1:25.043,31,158.212
33,2:23.442,2 Laps,32,143.442
33,2:24.327,2 Laps,33,144.327
33,2:23.579,2 Laps,34,143.579
33,2:27.113,3 Laps,35,147.113
33,2:23.714,3 Laps,36,143.714
33,3:20.429,3 Laps,37,200.429
33,2:17.244,4 Laps,38,137.244
33,2:22.623,4 Laps,39,142.623
33,2:21.447,5 Laps,40,141.447
33,2:28.984,6 Laps,41,148.984
33,2:19.014,7 Laps,42,139.014
33,2:18.551,7 Laps,43,138.551
33,2:40.510,6 Laps,44,160.51
33,3:41.085,7 Laps,45,221.085
33,2:18.358,7 Laps,46,138.358
33,4:41.074,7 Laps,47,281.074
33,3:08.453,6 Laps,48,188.453
33,2:17.838,6 Laps,49,137.838
33,2:18.002,6 Laps,50,138.002
33,2:16.070,7 Laps,51,136.07
33,2:18.172,8 Laps,52,138.172
33,2:18.276,8 Laps,53,138.276
33,2:18.855,8 Laps,54,138.855
33,3:14.606,26.451,55,194.606
33,3:41.876,1 Lap,56,221.876
33,2:21.054,2 Laps,57,141.054
33,2:24.545,2 Laps,58,144.54500000000002
33,2:27.379,2 Laps,59,147.379
33,2:21.612,3 Laps,60,141.612
33,2:32.758,3 Laps,61,152.758
33,3:31.229,3 Laps,62,211.22899999999998
33,2:17.581,4 Laps,63,137.581
33,2:17.889,4 Laps,64,137.889
33,2:19.389,4 Laps,65,139.389
33,2:18.992,4 Laps,66,138.992
33,2:20.957,5 Laps,67,140.957
33,2:21.406,5 Laps,68,141.406
33,3:49.460,7 Laps,69,229.46
33,2:19.459,7 Laps,70,139.459
33,2:18.928,7 Laps,71,138.928
33,2:19.501,6 Laps,72,139.501
33,2:17.956,6 Laps,73,137.956
33,2:15.873,7 Laps,74,135.873
33,2:28.487,6 Laps,75,148.487
33,2:48.745,6 Laps,76,168.745
33,2:17.871,6 Laps,77,137.871
33,2:18.253,6 Laps,78,138.253
33,2:17.042,7 Laps,79,137.042
33,2:17.704,7 Laps,80,137.704
33,2:18.506,8 Laps,81,138.506
33,2:18.936,8 Laps,82,138.936
33,2:18.909,8 Laps,83,138.909
33,2:19.089,8 Laps,84,139.089
33,2:27.414,1 Lap,85,147.414
33,2:20.437,2 Laps,86,140.437
33,2:21.588,2 Laps,87,141.588
33,2:25.668,2 Laps,88,145.668
33,2:23.057,3 Laps,89,143.057
33,2:21.924,3 Laps,90,141.924
33,3:01.809,3 Laps,91,181.809
33,2:18.370,4 Laps,92,138.37
33,2:21.242,4 Laps,93,141.242
33,2:19.602,4 Laps,94,139.602
33,2:20.043,4 Laps,95,140.043
33,2:22.308,5 Laps,96,142.308
33,2:16.417,7 Laps,97,136.417
33,3:21.235,6 Laps,98,201.235
33,2:21.946,7 Laps,99,141.946
33,2:33.604,7 Laps,100,153.60399999999998
33,2:17.782,6 Laps,101,137.782
33,2:18.665,6 Laps,102,138.665
33,2:18.868,7 Laps,103,138.868
33,2:19.587,6 Laps,104,139.587
33,2:47.586,6 Laps,105,167.586
33,2:20.413,6 Laps,106,140.413
33,2:17.774,6 Laps,107,137.774
33,2:18.358,7 Laps,108,138.358
33,2:18.950,7 Laps,109,138.95
33,2:18.637,8 Laps,110,138.637
33,2:19.401,8 Laps,111,139.401
33,3:32.126,15.456,112,212.126
33,2:26.137,1 Lap,113,146.137
33,2:22.713,1 Lap,114,142.713
33,2:22.609,2 Laps,115,142.609
33,2:26.244,2 Laps,116,146.244
33,2:25.739,3 Laps,117,145.739
33,2:25.325,4 Laps,118,145.325
33,3:50.555,4 Laps,119,230.555
33,4:05.205,4 Laps,120,245.205
33,2:20.950,5 Laps,121,140.95
33,2:21.942,5 Laps,122,141.942
33,2:22.297,5 Laps,123,142.297
33,2:16.855,6 Laps,124,136.855
33,4:52.294,7 Laps,125,292.294
33,3:02.886,6 Laps,126,182.886
33,2:18.265,6 Laps,127,138.265
33,2:18.189,6 Laps,128,138.189
33,2:18.760,7 Laps,129,138.76
33,2:19.281,7 Laps,130,139.281
33,2:17.999,6 Laps,131,137.999
33,2:18.219,6 Laps,132,138.219
33,2:24.687,7 Laps,133,144.687
33,3:34.446,7 Laps,134,214.446
33,2:18.265,7 Laps,135,138.265
33,2:18.099,7 Laps,136,138.099
33,2:18.917,8 Laps,137,138.917
33,2:19.169,8 Laps,138,139.169
34,4:23.004,6.865,1,263.004
34,2:17.813,19.591,2,137.813
34,2:14.107,20.412,3,134.107
34,4:50.173,3:31.729,4,290.173
34,2:14.892,1 Lap,5,134.892
34,2:12.163,1 Lap,6,132.163
34,2:11.455,1 Lap,7,131.455
34,2:10.219,1 Lap,8,130.219
34,2:10.490,1 Lap,9,130.49
34,2:25.358,1 Lap,10,145.358
34,2:07.539,1 Lap,11,127.539
34,2:07.584,1 Lap,12,127.584
34,2:11.713,1 Lap,13,131.713
34,2:09.670,1 Lap,14,129.67
34,2:10.900,1 Lap,15,130.9
34,2:12.386,1 Lap,16,132.386
34,3:29.348,2 Laps,17,209.348
34,2:08.681,2 Laps,18,128.681
34,2:09.411,2 Laps,19,129.411
34,2:41.563,2 Laps,20,161.563
34,2:08.237,2 Laps,21,128.237
34,2:09.434,2 Laps,22,129.434
34,2:11.451,2 Laps,23,131.451
34,2:40.799,2 Laps,24,160.799
34,2:10.208,1 Lap,25,130.208
34,2:10.234,1 Lap,26,130.234
34,2:12.646,1 Lap,27,132.64600000000002
34,2:12.749,1 Lap,28,132.749
34,2:06.752,2 Laps,29,126.752
34,2:06.994,2 Laps,30,126.994
34,2:10.015,2 Laps,31,130.015
34,2:10.804,2 Laps,32,130.804
34,2:37.536,27.261,33,157.536
34,2:22.796,35.081,34,142.796
34,2:13.216,27.797,35,133.216
34,2:11.201,33.068,36,131.201
34,2:10.785,1 Lap,37,130.785
34,2:22.799,1 Lap,38,142.799
34,2:55.325,1 Lap,39,175.325
34,2:12.992,1 Lap,40,132.992
34,2:09.978,1 Lap,41,129.978
34,4:14.349,1 Lap,42,254.349
34,4:54.323,1 Lap,43,294.323
34,2:07.595,1 Lap,44,127.595
34,2:09.438,1 Lap,45,129.438
34,2:10.078,1 Lap,46,130.078
34,2:10.110,1 Lap,47,130.11
34,2:12.386,2 Laps,48,132.386
34,2:08.709,2 Laps,49,128.709
34,2:09.002,2 Laps,50,129.002
34,2:53.658,2 Laps,51,173.65800000000002
34,2:10.017,2 Laps,52,130.017
34,2:09.308,2 Laps,53,129.308
34,4:42.584,2 Laps,54,282.584
34,3:07.589,1 Lap,55,187.589
34,2:10.725,1 Lap,56,130.725
34,2:13.193,1 Lap,57,133.193
34,2:09.796,1 Lap,58,129.796
34,2:09.960,2 Laps,59,129.96
34,2:10.643,2 Laps,60,130.643
34,2:11.606,2 Laps,61,131.606
34,2:10.504,2 Laps,62,130.504
34,3:23.307,26.092,63,203.307
34,2:10.446,34.141,64,130.446
34,2:11.966,1 Lap,65,131.966
34,2:10.714,1 Lap,66,130.714
34,2:14.028,1 Lap,67,134.028
34,2:11.103,1 Lap,68,131.103
34,3:31.552,1 Lap,69,211.552
34,2:08.591,1 Lap,70,128.591
34,2:08.958,1 Lap,71,128.958
34,2:10.204,1 Lap,72,130.204
34,2:09.714,1 Lap,73,129.714
34,2:10.360,1 Lap,74,130.36
34,2:08.046,2 Laps,75,128.046
34,2:09.215,2 Laps,76,129.215
34,2:09.578,2 Laps,77,129.578
34,3:33.673,2 Laps,78,213.673
34,2:08.757,2 Laps,79,128.757
34,2:08.795,2 Laps,80,128.795
34,2:15.728,2 Laps,81,135.728
34,2:35.343,1 Lap,82,155.34300000000002
34,2:36.148,1 Lap,83,156.148
34,2:11.430,1 Lap,84,131.43
34,2:11.571,1 Lap,85,131.571
34,2:10.105,1 Lap,86,130.105
34,2:10.239,1 Lap,87,130.239
34,2:09.898,2 Laps,88,129.898
34,2:09.776,2 Laps,89,129.776
34,2:09.151,2 Laps,90,129.151
34,2:09.836,2 Laps,91,129.836
34,2:10.678,33.788,92,130.678
34,2:12.411,40.030,93,132.411
34,2:14.079,1 Lap,94,134.079
34,2:13.077,1 Lap,95,133.077
34,2:10.617,1 Lap,96,130.617
34,2:10.169,1 Lap,97,130.169
34,2:09.888,1 Lap,98,129.888
34,2:58.640,1 Lap,99,178.64
34,2:12.044,1 Lap,100,132.044
34,2:16.007,1 Lap,101,136.007
34,2:11.923,1 Lap,102,131.923
34,2:09.959,1 Lap,103,129.959
34,2:11.837,2 Laps,104,131.837
34,2:10.153,2 Laps,105,130.153
34,2:10.343,2 Laps,106,130.343
34,3:10.170,2 Laps,107,190.17
34,2:17.900,2 Laps,108,137.9
34,2:51.360,2 Laps,109,171.36
34,2:07.061,2 Laps,110,127.061
34,2:06.856,2 Laps,111,126.856
34,2:56.219,2 Laps,112,176.219
34,2:50.099,1 Lap,113,170.099
34,2:46.468,1 Lap,114,166.46800000000002
34,2:10.550,1 Lap,115,130.55
34,2:10.153,1 Lap,116,130.153
34,2:16.336,1 Lap,117,136.336
34,2:08.661,2 Laps,118,128.661
34,2:09.258,2 Laps,119,129.258
34,3:31.887,13.885,120,211.887
34,2:20.519,54.282,121,140.519
34,2:12.134,1 Lap,122,132.13400000000001
34,2:12.624,1 Lap,123,132.624
34,2:11.295,1 Lap,124,131.295
34,2:09.705,1 Lap,125,129.705
34,3:44.019,1 Lap,126,224.019
34,2:11.193,1 Lap,127,131.193
34,5:42.157,1 Lap,128,342.157
34,2:11.328,1 Lap,129,131.328
34,2:10.248,2 Laps,130,130.248
34,2:16.295,2 Laps,131,136.29500000000002
34,2:11.529,2 Laps,132,131.529
34,2:10.185,2 Laps,133,130.185
34,4:23.294,2 Laps,134,263.294
34,4:58.705,2 Laps,135,298.705
34,2:07.629,2 Laps,136,127.629
34,2:10.506,2 Laps,137,130.506
34,2:10.182,2 Laps,138,130.182
34,2:09.653,1 Lap,139,129.653
34,2:10.370,1 Lap,140,130.37
34,2:10.678,1 Lap,141,130.678
34,3:34.881,2 Laps,142,214.881
34,2:08.387,2 Laps,143,128.387
34,2:08.747,2 Laps,144,128.747
35,4:23.148,7.009,1,263.148
35,2:20.658,21.463,2,140.65800000000002
35,2:15.949,24.126,3,135.949
35,3:50.602,2:40.409,4,230.602
35,2:22.643,1:23.864,5,142.643
35,2:20.807,1 Lap,6,140.807
35,3:20.794,2 Laps,7,200.794
35,2:09.192,1 Lap,8,129.192
35,2:09.377,1 Lap,9,129.377
35,2:15.696,1 Lap,10,135.696
35,3:10.026,1 Lap,11,190.026
35,2:10.270,1 Lap,12,130.27
35,2:10.400,1 Lap,13,130.4
35,3:00.357,1 Lap,14,180.357
35,2:11.361,1 Lap,15,131.361
35,3:43.167,2 Laps,16,223.167
35,2:11.829,2 Laps,17,131.829
35,2:10.502,2 Laps,18,130.502
35,2:11.469,2 Laps,19,131.469
35,3:25.887,3 Laps,20,205.887
35,2:24.586,2 Laps,21,144.586
35,2:37.910,2 Laps,22,157.91
35,2:18.470,2 Laps,23,138.47
35,2:15.551,2 Laps,24,135.551
35,3:02.584,2 Laps,25,182.584
35,2:07.312,1 Lap,26,127.312
35,2:07.627,1 Lap,27,127.627
35,2:10.034,2 Laps,28,130.034
35,2:09.925,2 Laps,29,129.925
35,2:12.534,2 Laps,30,132.534
35,2:11.638,2 Laps,31,131.638
35,2:12.366,2 Laps,32,132.36599999999999
35,2:13.921,2 Laps,33,133.921
35,2:34.471,24.340,34,154.471
35,2:24.634,33.998,35,144.63400000000001
35,2:14.588,32.883,36,134.588
35,3:11.737,1 Lap,37,191.737
35,2:15.872,2 Laps,38,135.872
35,2:10.818,1 Lap,39,130.818
35,2:52.389,1 Lap,40,172.389
35,2:10.565,1 Lap,41,130.565
35,2:11.659,1 Lap,42,131.659
35,2:11.287,1 Lap,43,131.287
35,2:08.509,2 Laps,44,128.50900000000001
35,2:11.342,2 Laps,45,131.342
35,2:10.508,2 Laps,46,130.508
35,2:10.245,3 Laps,47,130.245
35,2:09.640,3 Laps,48,129.64
35,2:40.160,2 Laps,49,160.16
35,2:13.093,2 Laps,50,133.093
35,3:10.063,2 Laps,51,190.063
35,2:11.054,2 Laps,52,131.054
35,4:41.811,2 Laps,53,281.811
35,3:09.259,1 Lap,54,189.25900000000001
35,2:09.181,1 Lap,55,129.181
35,2:11.083,1 Lap,56,131.083
35,2:13.166,2 Laps,57,133.166
35,2:11.185,2 Laps,58,131.185
35,2:11.962,2 Laps,59,131.962
35,2:12.811,2 Laps,60,132.811
35,2:12.063,2 Laps,61,132.063
35,2:11.761,2 Laps,62,131.761
35,3:22.872,24.574,63,202.872
35,2:13.954,40.907,64,133.954
35,2:13.440,44.974,65,133.44
35,2:15.130,1 Lap,66,135.13
35,2:11.544,1 Lap,67,131.544
35,2:13.650,1 Lap,68,133.65
35,2:10.690,1 Lap,69,130.69
35,2:13.910,1 Lap,70,133.91
35,4:57.590,1 Lap,71,297.59000000000003
35,3:38.966,1 Lap,72,218.966
35,2:10.717,1 Lap,73,130.717
35,2:11.498,1 Lap,74,131.498
35,2:12.547,1 Lap,75,132.547
35,2:08.818,2 Laps,76,128.818
35,2:09.559,2 Laps,77,129.559
35,2:11.822,2 Laps,78,131.822
35,2:10.142,3 Laps,79,130.142
35,2:09.950,2 Laps,80,129.95
35,2:11.087,2 Laps,81,131.087
35,2:11.489,2 Laps,82,131.489
35,2:29.085,1 Lap,83,149.085
35,2:46.609,1 Lap,84,166.609
35,2:11.613,1 Lap,85,131.613
35,2:10.996,1 Lap,86,130.996
35,2:11.859,1 Lap,87,131.859
35,2:19.458,1 Lap,88,139.458
35,2:12.309,2 Laps,89,132.309
35,2:12.540,2 Laps,90,132.54
35,2:12.841,46.784,91,132.841
35,2:13.057,53.672,92,133.057
35,2:13.982,1 Lap,93,133.982
35,2:15.049,1 Lap,94,135.049
35,2:09.606,1 Lap,95,129.606
35,2:08.682,1 Lap,96,128.682
35,2:11.984,1 Lap,97,131.984
35,2:12.398,1 Lap,98,132.398
35,2:55.084,1 Lap,99,175.084
35,2:12.405,1 Lap,100,132.405
35,2:12.545,1 Lap,101,132.545
35,2:11.026,1 Lap,102,131.026
35,2:13.673,1 Lap,103,133.673
35,2:10.434,2 Laps,104,130.434
35,2:09.653,2 Laps,105,129.653
35,2:12.194,2 Laps,106,132.194
35,3:13.086,2 Laps,107,193.086
35,2:11.693,3 Laps,108,131.693
35,2:49.363,3 Laps,109,169.363
35,2:09.767,2 Laps,110,129.767
35,2:09.793,2 Laps,111,129.793
35,2:11.096,2 Laps,112,131.096
35,2:13.056,2 Laps,113,133.056
35,2:53.800,1 Lap,114,173.8
35,3:27.950,1 Lap,115,207.95
35,2:12.552,2 Laps,116,132.552
35,3:09.419,2 Laps,117,189.419
35,2:12.473,2 Laps,118,132.473
35,2:13.435,2 Laps,119,133.435
35,2:14.339,2 Laps,120,134.339
35,3:33.127,12.912,121,213.127
35,2:15.128,1:02.533,122,135.128
35,2:13.856,1 Lap,123,133.856
35,2:09.646,1 Lap,124,129.64600000000002
35,2:10.461,1 Lap,125,130.461
35,3:07.602,1 Lap,126,187.602
35,2:10.333,1 Lap,127,130.333
35,4:22.364,1 Lap,128,262.364
35,2:18.907,1 Lap,129,138.907
35,2:10.689,2 Laps,130,130.689
35,2:12.199,2 Laps,131,132.199
35,2:17.135,2 Laps,132,137.135
35,5:04.002,3 Laps,133,304.002
35,3:08.972,2 Laps,134,188.972
35,2:09.736,2 Laps,135,129.736
35,2:09.706,2 Laps,136,129.706
35,2:11.733,2 Laps,137,131.733
35,2:08.708,1 Lap,138,128.708
35,2:12.566,2 Laps,139,132.566
35,2:11.592,2 Laps,140,131.592
35,2:11.985,2 Laps,141,131.985
35,2:11.888,2 Laps,142,131.888
35,2:12.470,2 Laps,143,132.47
35,2:14.283,2 Laps,144,134.283
36,4:23.223,7.084,1,263.223
36,2:18.073,18.077,2,138.073
36,2:14.967,19.758,3,134.967
36,3:36.853,2:14.650,4,216.853
36,2:28.457,1:03.919,5,148.457
36,2:15.157,1 Lap,6,135.157
36,2:11.875,1 Lap,7,131.875
36,2:13.578,1 Lap,8,133.578
36,3:04.243,1 Lap,9,184.243
36,2:24.417,1 Lap,10,144.417
36,2:10.597,1 Lap,11,130.597
36,2:44.265,1 Lap,12,164.265
36,2:10.708,1 Lap,13,130.708
36,2:11.014,1 Lap,14,131.014
36,2:12.411,2 Laps,15,132.411
36,2:13.887,2 Laps,16,133.887
36,2:09.647,2 Laps,17,129.647
36,2:10.121,2 Laps,18,130.121
36,4:58.244,2 Laps,19,298.244
36,2:40.548,2 Laps,20,160.548
36,2:11.545,2 Laps,21,131.545
36,2:10.699,2 Laps,22,130.699
36,3:13.327,2 Laps,23,193.327
36,2:09.057,2 Laps,24,129.057
36,2:06.732,2 Laps,25,126.732
36,2:11.011,2 Laps,26,131.011
36,2:09.727,2 Laps,27,129.727
36,2:11.013,2 Laps,28,131.013
36,2:11.029,2 Laps,29,131.029
36,2:11.509,2 Laps,30,131.50900000000001
36,2:12.217,2 Laps,31,132.217
36,2:33.203,23.147,32,153.203
36,2:22.786,30.957,33,142.786
36,2:14.506,28.433,34,134.506
36,2:11.805,34.308,35,131.805
36,3:11.710,1 Lap,36,191.71
36,2:14.767,1 Lap,37,134.767
36,2:14.221,1 Lap,38,134.221
36,2:12.647,1 Lap,39,132.647
36,2:17.950,1 Lap,40,137.95
36,2:51.286,1 Lap,41,171.286
36,2:10.479,1 Lap,42,130.47899999999998
36,2:12.458,1 Lap,43,132.458
36,2:10.879,1 Lap,44,130.879
36,2:10.941,1 Lap,45,130.941
36,2:11.246,2 Laps,46,131.246
36,2:09.240,2 Laps,47,129.24
36,2:09.472,2 Laps,48,129.472
36,2:50.425,2 Laps,49,170.425
36,2:10.128,2 Laps,50,130.128
36,4:41.926,2 Laps,51,281.926
36,3:07.177,1 Lap,52,187.177
36,2:07.363,2 Laps,53,127.363
36,2:07.774,2 Laps,54,127.774
36,2:10.281,2 Laps,55,130.281
36,2:12.127,2 Laps,56,132.127
36,2:11.078,2 Laps,57,131.078
36,2:11.644,2 Laps,58,131.644
36,2:11.733,2 Laps,59,131.733
36,2:12.818,2 Laps,60,132.818
36,3:25.161,23.822,61,205.161
36,2:12.171,37.106,62,132.171
36,2:12.285,1 Lap,63,132.285
36,2:11.665,1 Lap,64,131.665
36,2:16.058,1 Lap,65,136.058
36,3:36.622,1 Lap,66,216.622
36,4:57.043,1 Lap,67,297.043
36,3:31.627,1 Lap,68,211.627
36,2:10.552,1 Lap,69,130.552
36,2:11.468,1 Lap,70,131.468
36,2:12.075,1 Lap,71,132.075
36,2:11.948,1 Lap,72,131.948
36,2:10.791,1 Lap,73,130.791
36,2:10.345,1 Lap,74,130.345
36,2:09.828,2 Laps,75,129.828
36,2:09.366,2 Laps,76,129.36599999999999
36,2:09.855,2 Laps,77,129.855
36,3:05.089,2 Laps,78,185.089
36,2:10.354,2 Laps,79,130.35399999999998
36,2:10.394,2 Laps,80,130.394
36,2:12.389,2 Laps,81,132.389
36,2:38.127,1 Lap,82,158.127
36,2:44.046,1 Lap,83,164.046
36,2:09.255,2 Laps,84,129.255
36,2:10.756,1 Lap,85,130.756
36,2:11.128,1 Lap,86,131.128
36,2:12.126,2 Laps,87,132.126
36,2:11.751,2 Laps,88,131.751
36,2:11.706,37.781,89,131.706
36,2:12.235,43.847,90,132.235
36,2:12.321,1 Lap,91,132.321
36,2:12.853,2:41.732,92,132.853
36,2:14.618,2:08.170,93,134.618
36,2:10.857,1 Lap,94,130.857
36,2:38.509,1 Lap,95,158.50900000000001
36,2:14.111,1 Lap,96,134.111
36,2:17.643,1 Lap,97,137.643
36,2:12.193,1 Lap,98,132.193
36,2:11.679,1 Lap,99,131.679
36,2:16.557,1 Lap,100,136.557
36,2:13.172,2 Laps,101,133.172
36,3:10.617,2 Laps,102,190.617
36,2:20.475,2 Laps,103,140.475
36,2:51.354,2 Laps,104,171.35399999999998
36,2:10.405,2 Laps,105,130.405
36,2:10.329,2 Laps,106,130.329
36,2:11.936,2 Laps,107,131.936
36,2:14.328,2 Laps,108,134.328
36,2:43.340,1 Lap,109,163.34
36,2:19.980,1 Lap,110,139.98
36,2:08.630,2 Laps,111,128.63
36,2:09.536,2 Laps,112,129.536
36,2:17.143,1 Lap,113,137.143
36,2:12.542,2 Laps,114,132.542
36,2:12.573,2 Laps,115,132.573
36,2:13.424,2 Laps,116,133.424
36,3:32.614,12.111,117,212.614
36,2:12.943,50.523,118,132.943
36,2:13.788,1 Lap,119,133.788
36,2:13.241,1 Lap,120,133.24099999999999
36,2:13.233,1 Lap,121,133.233
36,2:12.219,1 Lap,122,132.219
36,2:08.929,1 Lap,123,128.929
36,2:13.406,1 Lap,124,133.406
36,2:20.213,1 Lap,125,140.213
36,3:06.987,1 Lap,126,186.987
36,4:35.913,1 Lap,127,275.913
36,2:11.255,1 Lap,128,131.255
36,2:11.286,1 Lap,129,131.286
36,3:37.963,2 Laps,130,217.963
36,2:11.621,2 Laps,131,131.621
36,2:12.066,2 Laps,132,132.066
36,4:24.623,2 Laps,133,264.623
36,2:10.750,2 Laps,134,130.75
36,2:12.194,2 Laps,135,132.194
36,2:11.919,2 Laps,136,131.919
36,2:17.656,2 Laps,137,137.656
36,3:33.564,1 Lap,138,213.564
36,2:11.767,2 Laps,139,131.767
36,2:11.579,2 Laps,140,131.579
36,3:06.912,2 Laps,141,186.912
36,2:10.838,2 Laps,142,130.838
36,2:11.225,2 Laps,143,131.225
36,2:12.946,2 Laps,144,132.946
38,4:17.157,1.018,1,257.157
38,2:19.732,3.610,2,139.732
38,2:23.381,13.399,3,143.381
38,3:21.395,1 Lap,4,201.395
38,2:09.869,1 Lap,5,129.869
38,2:10.157,1:54.568,6,130.157
38,2:08.509,1:55.887,7,128.50900000000001
38,2:29.679,1 Lap,8,149.679
38,2:09.619,1 Lap,9,129.619
38,2:14.357,1:53.377,10,134.357
38,2:09.316,1:17.471,11,129.316
38,2:16.395,1 Lap,12,136.395
38,2:09.985,1 Lap,13,129.985
38,2:12.330,1 Lap,14,132.33
38,2:08.928,1 Lap,15,128.928
38,2:11.407,1 Lap,16,131.407
38,4:57.944,1 Lap,17,297.944
38,2:39.998,1 Lap,18,159.998
38,2:09.381,2 Laps,19,129.381
38,2:07.777,2 Laps,20,127.777
38,2:16.625,1 Lap,21,136.625
38,2:46.632,1 Lap,22,166.632
38,2:07.771,1 Lap,23,127.771
38,2:08.496,1 Lap,24,128.496
38,2:10.103,1 Lap,25,130.103
38,2:10.932,1 Lap,26,130.932
38,2:11.912,1 Lap,27,131.912
38,2:11.088,1 Lap,28,131.088
38,2:11.346,1 Lap,29,131.346
38,2:10.760,1 Lap,30,130.76
38,2:16.756,5.390,31,136.756
38,3:36.831,1:44.399,32,216.83100000000002
38,2:09.399,1 Lap,33,129.399
38,2:07.856,1 Lap,34,127.856
38,2:13.164,1 Lap,35,133.164
38,2:09.800,1 Lap,36,129.8
38,2:08.244,1:56.642,37,128.244
38,4:13.768,1 Lap,38,253.768
38,4:54.739,1 Lap,39,294.739
38,2:08.761,1 Lap,40,128.761
38,2:08.218,1 Lap,41,128.218
38,2:09.559,1:22.708,42,129.559
38,2:08.257,1 Lap,43,128.257
38,2:05.427,1 Lap,44,125.42699999999999
38,2:10.640,1 Lap,45,130.64
38,2:09.396,1 Lap,46,129.39600000000002
38,2:08.503,1 Lap,47,128.503
38,2:51.302,1 Lap,48,171.302
38,2:07.929,1 Lap,49,127.929
38,2:09.229,1 Lap,50,129.22899999999998
38,4:41.645,1 Lap,51,281.645
38,4:39.589,1 Lap,52,279.589
38,2:07.618,1 Lap,53,127.618
38,2:07.581,1 Lap,54,127.581
38,2:10.323,1 Lap,55,130.323
38,2:10.236,1 Lap,56,130.236
38,2:10.544,1 Lap,57,130.544
38,2:10.662,1 Lap,58,130.662
38,2:10.643,1 Lap,59,130.643
38,3:30.207,3.301,60,210.207
38,4:03.687,3.959,61,243.687
38,2:23.748,2:02.217,62,143.748
38,2:19.240,1 Lap,63,139.24
38,2:10.569,1 Lap,64,130.569
38,2:12.410,1 Lap,65,132.41
38,2:10.875,2:32.253,66,130.875
38,2:16.025,2:04.390,67,136.025
38,3:31.335,1 Lap,68,211.335
38,2:08.909,1 Lap,69,128.909
38,2:08.473,1:25.631,70,128.473
38,2:09.539,1:29.580,71,129.539
38,2:05.974,1 Lap,72,125.974
38,2:06.099,1 Lap,73,126.099
38,2:10.937,1 Lap,74,130.937
38,2:10.000,1 Lap,75,130.0
38,2:08.806,1 Lap,76,128.806
38,4:01.702,1 Lap,77,241.702
38,2:17.398,2 Laps,78,137.398
38,2:08.908,1 Lap,79,128.908
38,2:09.353,1 Lap,80,129.353
38,3:18.690,1 Lap,81,198.69
38,2:07.721,1 Lap,82,127.721
38,2:10.712,1 Lap,83,130.712
38,2:10.787,1 Lap,84,130.787
38,2:10.854,1 Lap,85,130.85399999999998
38,2:09.272,1 Lap,86,129.272
38,2:13.523,1 Lap,87,133.523
38,2:09.010,1 Lap,88,129.01
38,2:08.467,1 Lap,89,128.467
38,2:09.214,1:53.287,90,129.214
38,3:09.095,1 Lap,91,189.095
38,2:08.632,1 Lap,92,128.632
38,2:53.555,1 Lap,93,173.555
38,2:12.902,1 Lap,94,132.902
38,2:09.076,1 Lap,95,129.076
38,2:08.581,1 Lap,96,128.581
38,2:08.490,1:31.201,97,128.49
38,2:16.536,1:40.837,98,136.536
38,2:09.260,1 Lap,99,129.26
38,2:11.615,1 Lap,100,131.615
38,3:08.277,1 Lap,101,188.277
38,2:19.847,1 Lap,102,139.847
38,2:58.358,1 Lap,103,178.358
38,2:08.196,2 Laps,104,128.196
38,2:11.458,1 Lap,105,131.458
38,2:51.968,1 Lap,106,171.96800000000002
38,2:09.318,1 Lap,107,129.318
38,2:14.368,1 Lap,108,134.368
38,3:09.600,1 Lap,109,189.6
38,2:11.978,1 Lap,110,131.978
38,2:12.102,1 Lap,111,132.102
38,2:11.297,1 Lap,112,131.297
38,2:10.687,1 Lap,113,130.687
38,2:08.986,1 Lap,114,128.986
38,3:38.935,1.605,115,218.935
38,2:13.806,3.304,116,133.806
38,2:10.743,1 Lap,117,130.743
38,2:42.929,1 Lap,118,162.929
38,2:07.893,1 Lap,119,127.893
38,2:07.901,1 Lap,120,127.901
38,2:09.832,1:52.444,121,129.832
38,2:08.957,1:52.585,122,128.957
38,2:08.524,1 Lap,123,128.524
38,2:09.513,1 Lap,124,129.513
38,2:14.595,1 Lap,125,134.595
38,2:08.778,1 Lap,126,128.778
38,2:08.826,1 Lap,127,128.826
38,5:04.906,5:06.897,128,304.906
38,3:52.179,1 Lap,129,232.179
38,2:08.896,1 Lap,130,128.89600000000002
38,2:08.753,1 Lap,131,128.753
38,2:10.862,1 Lap,132,130.862
38,2:08.821,1 Lap,133,128.821
38,4:25.868,1 Lap,134,265.868
38,2:07.180,2 Laps,135,127.18
38,2:07.154,2 Laps,136,127.154
38,2:10.048,1 Lap,137,130.048
38,2:09.910,1 Lap,138,129.91
38,2:08.350,1 Lap,139,128.35
38,2:09.108,1 Lap,140,129.108
38,2:10.774,1 Lap,141,130.774
38,2:10.443,1 Lap,142,130.443
38,2:12.173,1 Lap,143,132.173
38,2:11.490,1 Lap,144,131.49
38,2:11.336,1 Lap,145,131.336
38,2:12.282,1 Lap,146,132.282
4,4:18.622,2.483,1,258.622
4,2:29.716,15.059,2,149.716
4,2:13.348,8.104,3,133.348
4,3:16.878,1:35.364,4,196.878
4,2:51.303,47.479,5,171.303
4,2:11.669,1:09.517,6,131.669
4,2:09.881,1:12.654,7,129.881
4,2:09.928,1 Lap,8,129.928
4,2:08.980,1 Lap,9,128.98
4,2:14.964,1 Lap,10,134.964
4,3:04.798,1 Lap,11,184.798
4,2:24.464,1 Lap,12,144.464
4,2:10.628,1 Lap,13,130.628
4,2:20.724,3 Laps,14,140.724
4,2:13.123,3 Laps,15,133.123
4,2:12.413,3 Laps,16,132.413
4,2:12.987,3 Laps,17,132.987
4,2:11.753,3 Laps,18,131.753
4,2:17.188,17.271,19,137.188
4,2:09.622,11.895,20,129.622
4,2:09.740,15.705,21,129.74
4,2:11.159,51.603,22,131.159
4,2:10.927,55.873,23,130.927
4,2:17.143,1:22.144,24,137.143
4,2:09.162,1 Lap,25,129.162
4,2:50.700,1 Lap,26,170.7
4,2:10.235,1 Lap,27,130.235
4,2:10.281,1 Lap,28,130.281
4,2:11.981,3 Laps,29,131.981
4,2:10.363,3 Laps,30,130.363
4,2:12.283,3 Laps,31,132.283
4,2:11.833,3 Laps,32,131.833
4,2:12.796,3 Laps,33,132.796
4,6:20.430,5 Laps,34,380.43
4,3:23.287,6 Laps,35,203.287
4,3:25.540,10.515,36,205.54
4,4:03.549,11.035,37,243.549
4,2:11.252,17.584,38,131.252
4,2:09.998,57.425,39,129.998
4,5:14.723,1 Lap,40,314.723
4,2:09.203,1 Lap,41,129.203
4,2:11.538,1 Lap,42,131.538
4,4:57.446,1 Lap,43,297.446
4,3:32.000,1 Lap,44,212.0
4,2:11.221,1 Lap,45,131.221
4,2:10.071,3 Laps,46,130.071
4,2:11.466,3 Laps,47,131.466
4,2:12.073,3 Laps,48,132.073
4,2:10.978,3 Laps,49,130.978
4,2:11.315,3 Laps,50,131.315
4,2:15.131,6 Laps,51,135.131
4,2:12.584,19.137,52,132.584
4,2:13.430,26.398,53,133.43
4,2:10.560,59.357,54,130.56
4,2:10.781,1:02.468,55,130.781
4,2:26.738,1 Lap,56,146.738
4,2:11.260,1 Lap,57,131.26
4,2:38.449,1 Lap,58,158.449
4,2:13.839,1 Lap,59,133.839
4,2:26.381,1 Lap,60,146.381
4,2:11.540,3 Laps,61,131.54
4,2:12.795,3 Laps,62,132.795
4,2:14.139,3 Laps,63,134.139
4,3:13.665,3 Laps,64,193.665
4,3:37.379,5.650,65,217.379
4,2:14.499,8.042,66,134.499
4,2:11.081,31.212,67,131.081
4,2:10.355,1:05.739,68,130.355
4,2:16.307,1 Lap,69,136.307
4,2:11.041,1 Lap,70,131.041
4,2:11.736,1 Lap,71,131.736
4,2:11.360,1 Lap,72,131.36
4,2:20.300,1 Lap,73,140.3
4,9:31.247,3 Laps,74,571.247
4,2:13.475,3 Laps,75,133.475
4,2:13.036,3 Laps,76,133.036
4,2:11.979,3 Laps,77,131.97899999999998
4,2:12.310,3 Laps,78,132.31
4,2:18.613,3 Laps,79,138.613
41,4:20.860,4.721,1,260.86
41,2:19.009,17.346,2,139.00900000000001
41,2:15.296,19.356,3,135.296
41,4:46.428,3:22.728,4,286.428
41,2:13.000,1:56.540,5,133.0
41,2:11.831,1 Lap,6,131.831
41,2:11.146,1:45.339,7,131.14600000000002
41,2:12.030,1 Lap,8,132.03
41,2:44.001,1 Lap,9,164.001
41,2:10.471,1 Lap,10,130.471
41,2:11.495,1 Lap,11,131.495
41,3:22.619,1 Lap,12,202.619
41,2:12.143,1 Lap,13,132.143
41,2:11.105,1 Lap,14,131.105
41,2:10.563,2 Laps,15,130.563
41,2:10.773,2 Laps,16,130.773
41,2:12.176,2 Laps,17,132.176
41,2:43.759,2 Laps,18,163.75900000000001
41,2:09.567,2 Laps,19,129.567
41,2:09.787,2 Laps,20,129.787
41,3:32.352,2 Laps,21,212.352
41,2:10.631,1 Lap,22,130.631
41,2:09.909,1 Lap,23,129.909
41,2:15.883,1 Lap,24,135.883
41,2:09.211,1 Lap,25,129.211
41,2:10.274,1 Lap,26,130.274
41,2:40.927,2 Laps,27,160.927
41,2:10.468,2 Laps,28,130.468
41,2:36.185,23.766,29,156.185
41,2:21.450,30.240,30,141.45
41,2:13.239,26.764,31,133.239
41,2:10.776,31.610,32,130.776
41,2:09.665,1:59.170,33,129.665
41,2:11.941,1 Lap,34,131.941
41,2:11.609,1 Lap,35,131.609
41,2:19.196,1:57.345,36,139.196
41,3:37.330,1 Lap,37,217.32999999999998
41,3:34.969,1 Lap,38,214.969
41,2:11.321,1 Lap,39,131.321
41,2:10.105,1 Lap,40,130.105
41,2:11.353,1 Lap,41,131.353
41,2:11.565,1 Lap,42,131.565
41,2:11.465,1 Lap,43,131.465
41,2:10.730,1 Lap,44,130.73
41,2:08.916,2 Laps,45,128.916
41,2:08.976,2 Laps,46,128.976
41,2:12.903,2 Laps,47,132.903
41,2:10.741,2 Laps,48,130.74099999999999
41,2:55.045,2 Laps,49,175.04500000000002
41,2:09.414,2 Laps,50,129.414
41,4:38.592,2 Laps,51,278.592
41,3:00.534,1 Lap,52,180.534
41,2:09.859,1 Lap,53,129.859
41,3:28.099,2 Laps,54,208.099
41,2:08.311,2 Laps,55,128.311
41,2:09.586,1 Lap,56,129.586
41,2:10.642,2 Laps,57,130.642
41,2:10.642,2 Laps,58,130.642
41,3:23.121,21.065,59,203.121
41,2:10.537,32.774,60,130.537
41,2:10.500,2:03.013,61,130.5
41,2:10.708,2:05.275,62,130.708
41,2:14.866,1 Lap,63,134.86599999999999
41,2:11.701,2:12.957,64,131.701
41,2:14.867,1 Lap,65,134.867
41,4:53.883,1 Lap,66,293.883
41,3:29.717,1 Lap,67,209.71699999999998
41,2:09.902,1 Lap,68,129.902
41,2:11.129,1 Lap,69,131.129
41,2:10.145,1 Lap,70,130.145
41,2:10.813,1 Lap,71,130.813
41,2:10.800,1 Lap,72,130.8
41,2:10.014,2 Laps,73,130.014
41,2:09.582,2 Laps,74,129.582
41,2:11.633,2 Laps,75,131.633
41,3:25.664,2 Laps,76,205.664
41,2:09.397,2 Laps,77,129.397
41,2:10.192,2 Laps,78,130.192
41,2:10.077,2 Laps,79,130.077
41,2:31.875,1 Lap,80,151.875
41,2:43.322,1 Lap,81,163.322
41,2:09.780,1 Lap,82,129.78
41,2:09.599,1 Lap,83,129.599
41,2:08.833,1 Lap,84,128.833
41,2:11.530,1 Lap,85,131.53
41,2:09.526,1 Lap,86,129.526
41,2:09.294,1 Lap,87,129.294
41,2:12.113,2 Laps,88,132.113
41,2:11.690,2 Laps,89,131.69
41,2:09.467,31.210,90,129.467
41,2:11.443,36.484,91,131.443
41,2:10.545,2:07.192,92,130.545
41,2:12.138,1:36.915,93,132.138
41,2:11.600,1 Lap,94,131.6
41,2:08.814,1 Lap,95,128.814
41,2:50.096,1 Lap,96,170.096
41,2:12.054,1 Lap,97,132.054
41,2:16.899,1 Lap,98,136.899
41,3:07.982,1 Lap,99,187.982
41,2:10.250,1 Lap,100,130.25
41,2:10.516,1 Lap,101,130.516
41,2:49.005,2 Laps,102,169.005
41,2:32.455,2 Laps,103,152.45499999999998
41,2:10.749,2 Laps,104,130.749
41,2:53.459,2 Laps,105,173.459
41,2:07.611,2 Laps,106,127.611
41,2:07.785,2 Laps,107,127.785
41,2:10.664,2 Laps,108,130.664
41,2:10.954,1 Lap,109,130.954
41,2:44.312,1 Lap,110,164.312
41,2:12.910,1 Lap,111,132.91
41,2:09.766,1 Lap,112,129.766
41,2:09.975,1 Lap,113,129.975
41,2:08.791,1 Lap,114,128.791
41,2:09.739,1 Lap,115,129.739
41,2:09.521,1 Lap,116,129.52100000000002
41,2:10.133,1 Lap,117,130.133
41,3:32.889,10.444,118,212.889
41,2:18.809,49.026,119,138.809
41,2:11.969,1 Lap,120,131.969
41,2:11.335,1 Lap,121,131.335
41,2:13.484,1:39.724,122,133.484
41,2:11.459,1:42.367,123,131.459
41,2:09.099,1 Lap,124,129.099
41,2:15.425,1 Lap,125,135.425
41,4:00.150,1 Lap,126,240.15
41,2:11.993,1 Lap,127,131.993
41,2:11.008,1 Lap,128,131.008
41,2:17.256,1 Lap,129,137.256
41,3:20.583,2 Laps,130,200.583
41,2:10.911,2 Laps,131,130.911
41,5:06.199,2 Laps,132,306.199
41,4:56.709,2 Laps,133,296.709
41,2:08.402,2 Laps,134,128.402
41,2:09.744,2 Laps,135,129.744
41,2:13.470,2 Laps,136,133.47
41,2:16.218,2 Laps,137,136.218
41,2:10.557,1 Lap,138,130.557
41,2:10.139,1 Lap,139,130.139
41,2:10.251,1 Lap,140,130.251
41,2:09.867,1 Lap,141,129.867
41,2:09.916,1 Lap,142,129.916
41,2:09.980,1 Lap,143,129.98
41,2:17.112,1 Lap,144,137.112
5,4:18.138,1.999,1,258.138
5,2:32.571,17.430,2,152.571
5,2:11.253,8.367,3,131.253
5,3:01.583,36.485,4,181.583
5,2:09.900,43.085,5,129.9
5,2:09.168,45.509,6,129.168
5,2:07.103,1:32.927,7,127.103
5,2:07.535,1:33.272,8,127.535
5,2:10.770,1:40.809,9,130.77
5,2:47.592,1:56.363,10,167.59199999999998
5,2:09.090,28.753,11,129.09
5,2:10.784,32.257,12,130.784
5,2:43.642,1:35.576,13,163.642
5,2:10.897,1:01.251,14,130.897
5,2:08.577,1:28.138,15,128.577
5,2:08.950,1:41.824,16,128.95
5,2:09.407,1:42.948,17,129.407
5,2:07.960,1 Lap,18,127.96
5,2:10.224,1 Lap,19,130.224
5,2:44.975,1 Lap,20,164.975
5,2:08.904,1 Lap,21,128.904
5,2:09.864,1 Lap,22,129.864
5,2:24.306,2:13.494,23,144.306
5,2:24.955,1:32.083,24,144.95499999999998
5,2:08.653,16.328,25,128.653
5,2:08.075,17.565,26,128.075
5,2:16.595,28.662,27,136.595
5,3:37.952,1:52.295,28,217.952
5,2:09.463,59.822,29,129.463
5,2:09.120,1:00.294,30,129.12
5,2:10.237,1:13.613,31,130.237
5,2:09.367,1:14.905,32,129.367
5,2:16.871,19.325,33,136.871
5,2:09.859,12.395,34,129.859
5,2:09.514,15.979,35,129.514
5,2:08.015,37.465,36,128.015
5,2:08.225,39.033,37,128.225
5,2:16.104,53.960,38,136.10399999999998
5,2:08.522,1:34.305,39,128.522
5,3:29.215,36.120,40,209.215
5,2:17.228,41.241,41,137.228
5,2:10.200,1:07.129,42,130.2
5,2:09.111,1:29.726,43,129.111
5,2:09.194,1:29.945,44,129.194
5,2:18.591,1:54.497,45,138.591
5,2:07.355,1 Lap,46,127.355
5,2:09.191,1 Lap,47,129.191
5,2:49.898,1 Lap,48,169.898
5,2:10.171,1 Lap,49,130.171
5,2:08.594,2:10.277,50,128.594
5,2:15.468,2:10.782,51,135.468
5,3:53.017,31.842,52,233.017
5,4:35.421,10.107,53,275.421
5,2:07.458,18.000,54,127.458
5,2:07.741,18.607,55,127.741
5,2:08.939,1:53.540,56,128.939
5,2:08.920,1:00.854,57,128.92
5,2:09.233,1:16.451,58,129.233
5,2:08.950,1:16.430,59,128.95
5,3:24.615,11.644,60,204.615
5,4:03.362,11.977,61,243.362
5,2:10.528,17.134,62,130.528
5,2:08.299,38.886,63,128.299
5,3:52.910,1 Lap,64,232.91
5,2:10.629,2:15.054,65,130.629
5,2:10.136,1:36.164,66,130.136
5,2:09.282,1:37.844,67,129.282
5,4:54.306,30.851,68,294.306
5,3:27.679,25.425,69,207.679
5,3:34.602,1 Lap,70,214.602
5,2:15.840,1 Lap,71,135.84
5,2:09.697,1:11.276,72,129.697
5,2:09.535,1:15.221,73,129.535
5,2:08.425,1:30.432,74,128.425
5,2:08.913,1:31.988,75,128.913
5,3:33.846,1 Lap,76,213.846
5,2:09.946,1 Lap,77,129.946
5,2:08.805,1 Lap,78,128.805
5,2:07.647,1 Lap,79,127.647
5,2:07.291,1 Lap,80,127.291
5,3:26.258,1 Lap,81,206.258
5,3:19.691,10.586,82,199.691
5,2:08.239,19.669,83,128.239
5,2:06.803,1:45.612,84,126.803
5,2:07.011,46.567,85,127.011
5,2:09.091,1:01.389,86,129.091
5,2:09.856,1:03.451,87,129.856
5,2:08.710,1:15.028,88,128.71
5,2:10.023,16.126,89,130.023
5,2:11.965,21.922,90,131.965
5,2:09.115,39.373,91,129.115
5,2:08.562,40.265,92,128.562
5,2:08.875,1:35.749,93,128.875
5,2:09.987,1:40.149,94,129.987
5,2:08.516,1:40.423,95,128.516
5,2:48.487,20.519,96,168.487
5,2:11.325,24.241,97,131.325
5,2:09.823,1 Lap,98,129.823
5,2:09.339,1:17.691,99,129.339
5,2:12.343,1:23.134,100,132.343
5,2:08.773,1:33.485,101,128.773
5,3:10.073,1 Lap,102,190.073
5,2:08.978,1 Lap,103,128.978
5,2:50.817,1 Lap,104,170.817
5,2:07.695,1 Lap,105,127.695
5,2:07.406,1 Lap,106,127.406
5,2:10.423,1 Lap,107,130.423
5,2:08.290,3:04.883,108,128.29
5,2:49.456,9.304,109,169.45600000000002
5,2:08.809,12.319,110,128.809
5,2:07.868,19.867,111,127.868
5,2:07.948,18.917,112,127.94800000000001
5,2:08.192,50.207,113,128.192
5,2:08.965,53.611,114,128.965
5,2:10.255,1:05.409,115,130.255
5,2:10.160,1:07.277,116,130.16
5,2:10.814,1:17.264,117,130.814
5,3:36.472,6.285,118,216.472
5,2:16.222,10.400,119,136.222
5,2:09.644,25.299,120,129.644
5,3:01.517,1:14.090,121,181.517
5,2:07.895,41.076,122,127.895
5,2:10.287,1:35.361,123,130.287
5,2:07.453,1:33.998,124,127.453
5,2:08.178,1:38.929,125,128.178
5,2:12.491,29.771,126,132.49099999999999
5,2:09.831,2:13.933,127,129.831
5,4:38.125,4:19.811,128,278.125
5,2:09.395,1:25.082,129,129.395
5,2:09.572,1:27.022,130,129.572
5,2:11.336,1:37.913,131,131.336
5,2:08.781,1:39.755,132,128.781
5,2:11.374,1 Lap,133,131.374
5,2:09.798,1 Lap,134,129.798
5,4:56.930,1 Lap,135,296.93
5,5:00.512,1 Lap,136,300.512
5,2:08.377,1 Lap,137,128.377
5,2:07.593,1:55.311,138,127.593
5,2:07.340,1:55.730,139,127.34
5,2:07.506,13.876,140,127.506
5,2:06.971,14.376,141,126.971
5,2:08.239,18.569,142,128.239
5,2:08.551,19.535,143,128.551
5,2:09.136,56.139,144,129.136
5,2:09.305,57.840,145,129.305
5,2:11.002,1:10.005,146,131.002
5,2:10.011,1:11.551,147,130.011
50,4:16.221,0.082,1,256.221
50,2:17.847,0.789,2,137.847
50,2:21.332,8.936,3,141.332
50,3:11.191,1 Lap,4,191.191
50,2:57.758,1 Lap,5,177.758
50,2:06.517,1 Lap,6,126.517
50,2:07.940,1 Lap,7,127.94
50,2:06.963,1:45.642,8,126.963
50,2:06.583,1:45.035,9,126.583
50,2:32.571,1 Lap,10,152.571
50,2:10.175,1 Lap,11,130.175
50,2:38.601,1:36.130,12,158.601
50,2:08.478,59.386,13,128.478
50,2:06.113,1 Lap,14,126.113
50,2:05.570,1 Lap,15,125.57
50,2:06.764,1 Lap,16,126.764
50,2:06.366,2:06.580,17,126.366
50,2:06.246,2:03.556,18,126.246
50,2:40.648,1 Lap,19,160.648
50,2:06.598,2:06.667,20,126.598
50,2:06.048,2:03.510,21,126.048
50,2:14.783,0.596,22,134.783
50,3:47.868,1:50.973,23,227.868
50,2:09.752,1 Lap,24,129.752
50,2:06.618,1 Lap,25,126.618
50,2:06.989,1 Lap,26,126.989
50,2:08.061,1 Lap,27,128.061
50,2:13.100,1:50.646,28,133.1
50,4:27.767,1 Lap,29,267.767
50,4:55.060,1 Lap,30,295.06
50,2:06.310,1 Lap,31,126.31
50,2:06.268,1 Lap,32,126.268
50,2:10.660,1:05.724,33,130.66
50,2:07.302,1:07.476,34,127.30199999999999
50,2:04.694,1 Lap,35,124.694
50,2:05.823,1 Lap,36,125.82300000000001
50,2:12.676,1 Lap,37,132.676
50,2:05.922,2:01.302,38,125.922
50,2:11.962,2:04.979,39,131.962
50,2:49.083,1 Lap,40,169.083
50,2:09.177,1 Lap,41,129.177
50,2:06.752,2:01.629,42,126.752
50,2:07.244,1:53.910,43,127.244
50,3:32.460,0.760,44,212.46
50,4:03.724,1.455,45,243.724
50,2:28.670,1 Lap,46,148.67000000000002
50,2:06.163,1 Lap,47,126.163
50,2:10.938,1 Lap,48,130.938
50,2:08.874,2:32.656,49,128.874
50,3:08.071,1 Lap,50,188.071
50,2:07.046,1 Lap,51,127.046
50,3:31.392,1 Lap,52,211.392
50,2:06.482,1 Lap,53,126.482
50,2:05.851,1 Lap,54,125.851
50,2:08.694,1:10.580,55,128.694
50,2:06.037,1 Lap,56,126.037
50,2:05.943,1 Lap,57,125.943
50,2:07.801,1 Lap,58,127.801
50,2:05.804,1 Lap,59,125.804
50,2:18.041,1 Lap,60,138.041
50,2:06.535,1 Lap,61,126.535
50,2:06.642,1 Lap,62,126.642
50,2:06.857,1:34.884,63,126.857
50,2:05.992,1:31.724,64,125.992
50,2:22.104,1 Lap,65,142.10399999999998
50,2:16.720,1 Lap,66,136.72
50,2:09.824,1 Lap,67,129.824
50,2:06.629,1 Lap,68,126.629
50,2:06.805,1:51.281,69,126.805
50,2:06.911,1 Lap,70,126.911
50,2:55.462,1 Lap,71,175.462
50,2:13.270,1 Lap,72,133.27
50,2:06.103,1 Lap,73,126.103
50,2:14.872,1:18.583,74,134.872
50,2:07.234,1 Lap,75,127.234
50,2:08.277,1 Lap,76,128.277
50,2:32.904,1 Lap,77,152.904
50,2:47.613,1 Lap,78,167.613
50,2:12.292,1 Lap,79,132.292
50,3:45.435,1 Lap,80,225.435
50,2:07.487,1 Lap,81,127.487
50,2:07.008,1 Lap,82,127.008
50,2:07.041,1:22.930,83,127.041
50,2:08.240,14.005,84,128.24
50,3:40.250,0.364,85,220.25
50,2:12.633,0.890,86,132.633
50,2:10.256,1 Lap,87,130.256
50,2:07.616,1 Lap,88,127.616
50,2:07.585,1:48.191,89,127.585
50,2:07.478,1:46.853,90,127.478
50,2:06.813,1 Lap,91,126.813
50,2:08.130,1 Lap,92,128.13
50,2:09.963,1 Lap,93,129.963
50,2:08.079,1 Lap,94,128.079
50,2:07.482,2:14.318,95,127.482
50,4:43.335,4:25.406,96,283.335
50,3:50.302,1 Lap,97,230.302
50,2:09.722,1 Lap,98,129.722
50,2:08.030,1 Lap,99,128.03
50,2:06.993,1 Lap,100,126.993
50,2:07.423,1 Lap,101,127.423
50,4:34.662,1 Lap,102,274.662
50,4:58.517,1 Lap,103,298.517
50,2:07.315,1 Lap,104,127.315
50,2:12.262,19.346,105,132.262
51,4:16.429,0.290,1,256.429
51,2:16.850,,2,136.85
51,2:13.386,0.100,3,133.386
51,3:14.405,1 Lap,4,194.405
51,2:56.550,1 Lap,5,176.55
51,2:06.865,1 Lap,6,126.865
51,2:06.787,1 Lap,7,126.787
51,2:07.586,1:49.968,8,127.586
51,2:06.182,1:48.960,9,126.182
51,2:32.404,1 Lap,10,152.404
51,2:06.904,1 Lap,11,126.904
51,3:05.524,1:58.100,12,185.524
51,2:06.131,1 Lap,13,126.131
51,2:07.755,1 Lap,14,127.755
51,2:05.898,1 Lap,15,125.898
51,2:11.597,1 Lap,16,131.597
51,4:58.414,1 Lap,17,298.414
51,2:40.640,1 Lap,18,160.64
51,2:08.599,1 Lap,19,128.599
51,2:07.836,1 Lap,20,127.836
51,2:15.134,26.096,21,135.13400000000001
51,3:15.679,35.409,22,195.679
51,2:04.352,1:59.555,23,124.352
51,2:03.868,1:56.722,24,123.868
51,2:08.707,1:52.970,25,128.707
51,2:17.350,1:56.001,26,137.35
51,2:06.409,1:37.662,27,126.409
51,2:06.670,1:35.684,28,126.67
51,2:07.379,1:23.535,29,127.379
51,2:07.813,1:23.273,30,127.813
51,2:14.976,,31,134.976
51,2:22.503,16.772,32,142.503
51,2:11.155,1 Lap,33,131.155
51,2:06.637,1 Lap,34,126.637
51,2:06.997,1 Lap,35,126.997
51,2:07.196,1 Lap,36,127.196
51,2:05.658,1:47.129,37,125.658
51,4:27.500,1 Lap,38,267.5
51,4:55.514,1 Lap,39,295.514
51,2:06.570,1 Lap,40,126.57
51,2:06.996,1 Lap,41,126.996
51,3:59.216,1 Lap,42,239.216
51,2:06.053,1 Lap,43,126.053
51,2:06.983,1 Lap,44,126.983
51,2:06.016,1 Lap,45,126.016
51,2:07.215,1 Lap,46,127.215
51,3:07.371,1 Lap,47,187.371
51,2:08.278,1 Lap,48,128.278
51,2:46.824,1 Lap,49,166.824
51,2:09.187,1 Lap,50,129.187
51,2:08.857,2:09.438,51,128.857
51,2:06.572,2:01.047,52,126.572
51,4:43.274,25.425,53,283.274
51,4:39.031,7.300,54,279.031
51,2:05.304,1:55.188,55,125.304
51,2:06.639,1:54.804,56,126.639
51,2:50.603,1 Lap,57,170.603
51,2:06.353,1:33.677,58,126.353
51,2:06.726,1:22.312,59,126.726
51,2:06.445,1:19.786,60,126.445
51,3:32.296,,61,212.296
51,4:03.029,,62,243.029
51,3:50.511,2:01.353,63,230.511
51,2:06.882,1 Lap,64,126.882
51,2:11.270,1 Lap,65,131.27
51,2:08.521,2:33.187,66,128.52100000000002
51,2:12.033,1:50.885,67,132.033
51,3:05.547,1 Lap,68,185.547
51,3:31.494,1 Lap,69,211.494
51,2:08.150,1 Lap,70,128.15
51,2:06.526,1 Lap,71,126.526
51,2:11.752,1 Lap,72,131.752
51,2:07.096,1 Lap,73,127.096
51,2:08.432,1 Lap,74,128.432
51,2:07.266,1 Lap,75,127.266
51,2:08.230,1 Lap,76,128.23
51,2:07.627,1 Lap,77,127.627
51,2:07.327,1 Lap,78,127.327
51,2:06.987,1 Lap,79,126.987
51,2:07.162,1 Lap,80,127.162
51,2:06.512,1 Lap,81,126.512
51,2:06.335,1:41.499,82,126.335
51,2:05.559,1:37.906,83,125.559
51,3:19.655,7.743,84,199.655
51,2:05.845,1:53.515,85,125.845
51,2:08.678,1:55.016,86,128.678
51,2:06.786,2:30.965,87,126.786
51,2:06.600,1:31.509,88,126.6
51,2:06.458,1:31.579,89,126.458
51,2:06.446,1:30.231,90,126.446
51,2:06.222,1:15.896,91,126.222
51,2:30.033,1 Lap,92,150.03300000000002
51,2:18.318,1 Lap,93,138.318
51,2:07.170,1 Lap,94,127.17
51,2:08.713,1 Lap,95,128.713
51,2:08.568,1:53.575,96,128.568
51,2:07.214,1 Lap,97,127.214
51,2:55.296,1 Lap,98,175.296
51,2:10.950,1 Lap,99,130.95
51,2:08.560,1 Lap,100,128.56
51,2:07.340,1 Lap,101,127.34
51,2:08.677,1 Lap,102,128.677
51,2:07.586,1 Lap,103,127.586
51,2:07.082,1 Lap,104,127.082
51,3:02.328,1 Lap,105,182.328
51,2:18.083,1 Lap,106,138.083
51,2:46.040,1 Lap,107,166.04
51,2:06.571,1 Lap,108,126.571
51,2:05.450,1:27.521,109,125.45
51,2:06.508,16.864,110,126.508
51,2:56.896,13.901,111,176.89600000000002
51,2:07.553,1:54.899,112,127.553
51,2:07.020,1:53.021,113,127.02
51,2:08.159,1:35.116,114,128.159
51,2:08.660,1:38.215,115,128.66
51,2:06.213,1:28.147,116,126.213
51,2:06.397,1:26.252,117,126.397
51,2:07.121,1:14.439,118,127.121
51,3:40.720,,119,220.72
51,2:12.107,,120,132.107
51,2:12.080,1 Lap,121,132.08
51,2:07.262,1 Lap,122,127.262
51,2:09.271,1:52.171,123,129.27100000000002
51,2:07.201,1:50.556,124,127.201
51,2:06.859,1 Lap,125,126.859
51,2:08.322,1 Lap,126,128.322
51,2:08.917,1 Lap,127,128.917
51,2:07.196,1 Lap,128,127.196
51,2:07.438,2:11.985,129,127.438
51,4:40.715,4:20.453,130,280.71500000000003
51,2:05.469,1 Lap,131,125.469
51,2:07.570,1 Lap,132,127.57
51,2:07.415,1 Lap,133,127.415
51,2:17.645,1 Lap,134,137.645
51,2:05.561,1 Lap,135,125.561
51,4:20.515,1 Lap,136,260.515
51,2:07.323,1 Lap,137,127.32300000000001
51,2:07.838,1 Lap,138,127.838
51,2:07.561,17.504,139,127.561
51,3:48.436,1:56.543,140,228.436
51,2:11.080,2:01.674,141,131.08
51,2:06.842,1:51.276,142,126.842
51,2:08.040,1:51.731,143,128.04
51,2:06.725,1:38.332,144,126.725
51,2:08.006,1:38.734,145,128.006
51,2:07.139,1:25.117,146,127.139
51,2:07.679,1:24.331,147,127.679
54,4:29.326,13.187,1,269.326
54,2:36.116,47.431,2,156.11599999999999
54,2:35.595,1:09.740,3,155.595
54,3:57.743,1 Lap,4,237.743
54,2:28.004,1 Lap,5,148.004
54,2:23.233,2 Laps,6,143.233
54,2:21.997,2 Laps,7,141.997
54,3:08.827,3 Laps,8,188.827
54,2:24.515,3 Laps,9,144.515
54,2:34.903,4 Laps,10,154.903
54,2:28.924,5 Laps,11,148.924
54,2:19.235,5 Laps,12,139.235
54,2:18.776,5 Laps,13,138.776
54,2:19.412,6 Laps,14,139.412
54,2:20.284,6 Laps,15,140.284
54,2:24.179,6 Laps,16,144.179
54,2:17.610,7 Laps,17,137.61
54,2:54.218,50.265,18,174.21800000000002
54,2:56.485,1:31.774,19,176.485
54,2:41.448,1:45.357,20,161.448
54,2:25.443,1 Lap,21,145.443
54,2:24.366,2 Laps,22,144.36599999999999
54,2:23.493,2 Laps,23,143.493
54,2:26.192,3 Laps,24,146.192
54,4:33.630,4 Laps,25,273.63
54,4:55.481,4 Laps,26,295.481
54,2:21.744,5 Laps,27,141.744
54,2:18.228,5 Laps,28,138.228
54,2:19.983,5 Laps,29,139.983
54,2:19.272,5 Laps,30,139.272
54,2:19.723,6 Laps,31,139.723
54,2:18.940,6 Laps,32,138.94
54,2:27.198,6 Laps,33,147.198
54,2:25.309,7 Laps,34,145.309
54,2:33.086,8 Laps,35,153.086
54,2:49.446,48.924,36,169.446
54,2:30.192,1 Lap,37,150.192
54,2:25.435,2 Laps,38,145.435
54,2:26.565,2 Laps,39,146.565
54,2:23.125,3 Laps,40,143.125
54,2:22.252,3 Laps,41,142.252
54,3:31.335,4 Laps,42,211.335
54,2:19.325,5 Laps,43,139.325
54,2:19.648,5 Laps,44,139.648
54,2:18.641,6 Laps,45,138.641
54,3:52.485,7 Laps,46,232.485
54,2:20.189,8 Laps,47,140.189
54,2:31.195,1 Lap,48,151.195
54,2:30.635,1 Lap,49,150.635
54,2:24.552,2 Laps,50,144.552
54,2:25.515,2 Laps,51,145.515
54,2:24.085,2 Laps,52,144.085
54,2:22.780,3 Laps,53,142.78
54,2:55.874,4 Laps,54,175.874
54,2:17.716,5 Laps,55,137.716
54,2:18.110,5 Laps,56,138.11
54,2:19.849,5 Laps,57,139.849
54,2:18.407,5 Laps,58,138.407
54,2:20.200,6 Laps,59,140.2
54,2:19.375,6 Laps,60,139.375
54,2:25.196,7 Laps,61,145.196
54,3:19.707,7 Laps,62,199.707
54,3:30.412,23.422,63,210.412
54,2:27.747,1 Lap,64,147.747
54,2:23.661,2 Laps,65,143.661
54,2:34.009,2 Laps,66,154.00900000000001
54,2:25.487,4 Laps,67,145.487
54,2:22.573,4 Laps,68,142.573
54,2:38.847,4 Laps,69,158.847
54,3:48.700,5 Laps,70,228.7
54,3:41.923,5 Laps,71,221.923
54,3:47.225,5 Laps,72,227.225
54,2:18.059,5 Laps,73,138.059
54,2:19.568,6 Laps,74,139.568
54,2:19.366,7 Laps,75,139.36599999999999
54,2:17.010,7 Laps,76,137.01
54,12:27.059,10 Laps,77,747.059
57,4:29.488,13.349,1,269.488
57,2:31.379,38.306,2,151.379
57,2:33.267,58.287,3,153.267
57,3:40.393,2 Laps,4,220.393
57,2:19.755,2 Laps,5,139.755
57,2:20.375,2 Laps,6,140.375
57,2:19.745,3 Laps,7,139.745
57,2:24.060,3 Laps,8,144.06
57,2:46.082,3 Laps,9,166.082
57,2:23.832,4 Laps,10,143.832
57,2:20.861,4 Laps,11,140.861
57,2:45.095,4 Laps,12,165.095
57,2:21.134,4 Laps,13,141.13400000000001
57,2:24.458,5 Laps,14,144.458
57,2:26.417,6 Laps,15,146.417
57,2:18.101,7 Laps,16,138.101
57,4:59.745,7 Laps,17,299.745
57,2:38.717,7 Laps,18,158.71699999999998
57,2:17.996,7 Laps,19,137.996
57,3:03.258,8 Laps,20,183.258
57,2:16.438,7 Laps,21,136.438
57,2:17.046,7 Laps,22,137.046
57,2:18.032,8 Laps,23,138.032
57,2:18.268,8 Laps,24,138.268
57,2:17.650,8 Laps,25,137.65
57,2:18.296,9 Laps,26,138.296
57,2:18.258,9 Laps,27,138.258
57,2:42.206,38.415,28,162.20600000000002
57,2:35.075,58.514,29,155.075
57,2:33.442,1:25.898,30,153.442
57,2:20.826,2 Laps,31,140.826
57,2:18.481,2 Laps,32,138.481
57,2:21.167,2 Laps,33,141.167
57,2:19.840,3 Laps,34,139.84
57,2:20.074,3 Laps,35,140.074
57,3:31.346,3 Laps,36,211.346
57,2:20.952,4 Laps,37,140.952
57,2:21.420,4 Laps,38,141.42000000000002
57,2:23.511,5 Laps,39,143.511
57,2:25.814,5 Laps,40,145.814
57,2:27.292,6 Laps,41,147.292
57,2:16.793,7 Laps,42,136.793
57,2:18.021,7 Laps,43,138.02100000000002
57,2:42.277,7 Laps,44,162.277
57,2:19.952,7 Laps,45,139.952
57,2:18.357,7 Laps,46,138.357
57,2:18.272,7 Laps,47,138.272
57,4:41.795,8 Laps,48,281.795
57,3:07.857,7 Laps,49,187.857
57,2:17.131,7 Laps,50,137.131
57,2:17.714,8 Laps,51,137.714
57,2:24.677,8 Laps,52,144.677
57,2:16.628,8 Laps,53,136.628
57,2:17.131,8 Laps,54,137.131
57,2:18.204,9 Laps,55,138.204
57,2:18.547,9 Laps,56,138.547
57,3:05.316,31.534,57,185.316
57,2:42.325,2:02.293,58,162.325
57,2:19.977,2 Laps,59,139.977
57,2:22.241,2 Laps,60,142.24099999999999
57,2:24.469,2 Laps,61,144.469
57,2:19.915,3 Laps,62,139.915
57,4:58.748,3 Laps,63,298.748
57,3:55.424,3 Laps,64,235.424
57,2:21.096,4 Laps,65,141.096
57,2:20.666,4 Laps,66,140.666
57,2:21.071,4 Laps,67,141.071
57,2:21.498,5 Laps,68,141.498
57,2:24.376,5 Laps,69,144.376
57,2:30.156,7 Laps,70,150.156
57,2:17.985,7 Laps,71,137.985
57,2:17.300,7 Laps,72,137.3
57,2:17.445,7 Laps,73,137.445
57,2:23.463,7 Laps,74,143.463
57,2:28.541,7 Laps,75,148.541
57,2:48.672,7 Laps,76,168.672
57,2:17.195,7 Laps,77,137.195
57,2:17.718,7 Laps,78,137.718
57,3:33.549,8 Laps,79,213.549
57,2:17.210,9 Laps,80,137.21
57,2:18.109,9 Laps,81,138.109
57,2:17.919,9 Laps,82,137.919
57,2:43.627,1 Lap,83,163.627
57,2:20.016,2 Laps,84,140.016
57,2:21.154,2 Laps,85,141.154
57,2:21.260,2 Laps,86,141.26
57,2:20.282,3 Laps,87,140.282
57,2:20.134,3 Laps,88,140.13400000000001
57,2:34.141,3 Laps,89,154.141
57,2:21.831,4 Laps,90,141.831
57,2:21.581,5 Laps,91,141.581
57,2:23.918,6 Laps,92,143.918
57,2:24.959,6 Laps,93,144.959
57,3:50.666,7 Laps,94,230.666
57,3:17.378,7 Laps,95,197.378
57,2:51.114,7 Laps,96,171.114
57,2:17.801,7 Laps,97,137.801
57,2:18.220,7 Laps,98,138.22
57,3:43.971,8 Laps,99,223.971
57,2:23.836,7 Laps,100,143.836
57,2:47.612,7 Laps,101,167.612
57,2:17.926,7 Laps,102,137.926
57,2:17.075,7 Laps,103,137.075
57,2:17.120,7 Laps,104,137.12
57,2:18.612,8 Laps,105,138.612
57,2:16.575,8 Laps,106,136.575
57,2:17.628,9 Laps,107,137.628
57,2:18.798,9 Laps,108,138.798
57,2:17.508,9 Laps,109,137.508
57,3:32.077,19.034,110,212.077
57,3:37.603,1 Lap,111,217.603
57,2:34.147,2 Laps,112,154.147
57,2:19.586,2 Laps,113,139.586
57,2:20.762,2 Laps,114,140.762
57,2:19.486,2 Laps,115,139.486
57,2:20.099,3 Laps,116,140.099
57,4:29.169,4 Laps,117,269.169
57,2:22.070,4 Laps,118,142.07
57,4:52.264,4 Laps,119,292.264
57,2:22.078,5 Laps,120,142.078
57,2:23.321,5 Laps,121,143.321
57,2:24.429,6 Laps,122,144.429
57,2:25.970,6 Laps,123,145.97
57,2:19.159,7 Laps,124,139.159
57,2:16.561,7 Laps,125,136.561
57,2:56.658,7 Laps,126,176.65800000000002
57,3:01.217,7 Laps,127,181.217
57,2:18.263,7 Laps,128,138.263
57,2:18.468,7 Laps,129,138.468
57,2:19.008,8 Laps,130,139.008
57,2:18.464,8 Laps,131,138.464
57,2:16.284,7 Laps,132,136.284
57,2:16.372,7 Laps,133,136.372
57,2:17.591,7 Laps,134,137.591
57,2:15.198,8 Laps,135,135.198
57,2:16.901,8 Laps,136,136.901
57,2:18.766,9 Laps,137,138.766
6,4:16.976,0.837,1,256.976
6,2:26.719,10.416,2,146.719
6,2:09.965,1.119,3,129.965
6,3:29.235,10.627,4,209.235
6,2:08.712,15.067,5,128.712
6,2:06.217,51.781,6,126.217
6,2:06.416,51.007,7,126.416
6,2:33.270,53.267,8,153.27
6,2:08.167,15.356,9,128.167
6,2:15.429,10.869,10,135.429
6,2:08.058,3.346,11,128.058
6,2:07.159,4.575,12,127.159
6,2:08.374,11.966,13,128.374
6,2:09.784,15.093,14,129.784
6,2:08.953,16.367,15,128.953
6,2:08.217,10.429,16,128.217
6,2:10.230,53.748,17,130.23
6,2:07.198,52.669,18,127.19800000000001
6,4:14.112,17.921,19,254.112
6,4:55.009,13.355,20,295.009
6,2:07.265,14.377,21,127.265
6,2:06.850,13.631,22,126.85
6,3:28.523,7.096,23,208.523
6,4:03.580,7.647,24,243.58
6,2:07.934,3.136,25,127.934
6,2:10.644,2.749,26,130.644
6,2:07.523,14.170,27,127.523
6,2:07.371,12.913,28,127.371
6,2:17.861,,29,137.861
6,2:08.542,53.609,30,128.542
6,3:31.078,11.328,31,211.078
6,2:07.076,13.015,32,127.076
6,2:06.915,12.370,33,126.915
6,2:09.920,6.500,34,129.92
6,2:08.441,13.684,35,128.441
6,3:45.157,56.977,36,225.15699999999998
6,2:09.509,55.811,37,129.50900000000001
6,2:08.986,54.913,38,128.986
6,2:08.241,54.912,39,128.24099999999999
6,2:54.576,12.511,40,174.576
6,2:10.558,15.466,41,130.558
6,3:37.823,3.655,42,217.823
6,2:12.892,4.440,43,132.892
6,2:07.929,8.162,44,127.929
6,2:25.144,20.580,45,145.144
6,2:06.998,13.598,46,126.998
6,2:07.392,13.099,47,127.392
6,2:06.743,53.738,48,126.743
6,2:07.883,53.123,49,127.883
6,2:07.802,52.035,50,127.80199999999999
6,2:08.940,17.445,51,128.94
6,2:07.132,14.469,52,127.132
60,5:07.563,51.424,1,307.563
60,2:38.577,2 Laps,2,158.577
60,3:59.045,3 Laps,3,239.04500000000002
60,2:26.424,4 Laps,4,146.424
60,2:35.018,5 Laps,5,155.018
60,2:36.202,7 Laps,6,156.202
60,2:20.996,6 Laps,7,140.996
60,2:19.999,6 Laps,8,139.999
60,2:57.903,6 Laps,9,177.903
60,2:20.132,6 Laps,10,140.132
60,2:30.076,8 Laps,11,150.076
60,2:25.945,9 Laps,12,145.945
60,2:25.172,9 Laps,13,145.172
60,2:17.975,10 Laps,14,137.975
60,2:16.959,10 Laps,15,136.959
60,2:24.243,9 Laps,16,144.243
60,2:38.222,9 Laps,17,158.222
60,2:19.006,9 Laps,18,139.006
60,2:20.958,10 Laps,19,140.958
60,2:49.571,10 Laps,20,169.571
60,2:17.434,9 Laps,21,137.434
60,2:17.629,10 Laps,22,137.629
60,2:17.831,10 Laps,23,137.831
60,2:17.668,10 Laps,24,137.668
60,2:18.284,11 Laps,25,138.284
60,2:19.067,11 Laps,26,139.067
60,2:50.977,1:25.261,27,170.977
60,2:37.512,2 Laps,28,157.512
60,2:36.484,2 Laps,29,156.484
60,2:29.809,4 Laps,30,149.809
60,2:31.545,4 Laps,31,151.54500000000002
60,2:27.729,5 Laps,32,147.72899999999998
60,2:26.939,5 Laps,33,146.939
60,3:58.199,6 Laps,34,238.199
60,2:27.554,6 Laps,35,147.554
60,4:48.432,7 Laps,36,288.432
60,3:20.037,6 Laps,37,200.037
60,2:20.809,6 Laps,38,140.809
60,2:18.574,6 Laps,39,138.574
60,2:26.463,8 Laps,40,146.463
60,2:36.232,9 Laps,41,156.232
60,2:17.095,10 Laps,42,137.095
60,2:39.478,9 Laps,43,159.478
60,2:18.613,9 Laps,44,138.613
60,2:18.978,9 Laps,45,138.978
60,4:42.092,10 Laps,46,282.092
60,3:05.686,9 Laps,47,185.686
60,2:17.875,9 Laps,48,137.875
60,2:17.372,9 Laps,49,137.372
60,2:18.169,10 Laps,50,138.169
60,2:17.899,10 Laps,51,137.899
60,2:16.064,11 Laps,52,136.064
60,2:17.742,11 Laps,53,137.742
60,2:19.351,11 Laps,54,139.351
60,2:35.842,3 Laps,55,155.84199999999998
60,2:28.193,4 Laps,56,148.193
60,2:28.418,5 Laps,57,148.418
60,2:25.381,6 Laps,58,145.381
60,2:32.877,6 Laps,59,152.877
60,3:24.614,6 Laps,60,204.614
60,2:18.356,6 Laps,61,138.356
60,2:18.270,6 Laps,62,138.27
60,2:19.228,6 Laps,63,139.228
60,2:19.068,6 Laps,64,139.068
60,2:27.785,8 Laps,65,147.785
60,2:26.748,8 Laps,66,146.748
60,3:58.135,10 Laps,67,238.135
60,2:18.123,10 Laps,68,138.123
60,2:18.405,10 Laps,69,138.405
60,2:19.974,9 Laps,70,139.974
60,2:20.442,9 Laps,71,140.442
60,2:19.212,9 Laps,72,139.212
60,2:19.912,9 Laps,73,139.912
60,2:31.678,9 Laps,74,151.678
60,2:43.744,9 Laps,75,163.744
60,2:19.971,9 Laps,76,139.971
60,2:18.215,9 Laps,77,138.215
60,2:24.149,10 Laps,78,144.149
60,2:17.045,11 Laps,79,137.04500000000002
60,2:17.803,11 Laps,80,137.803
60,2:19.393,11 Laps,81,139.393
60,2:18.813,11 Laps,82,138.813
60,2:33.923,3 Laps,83,153.923
60,2:30.217,3 Laps,84,150.21699999999998
60,2:28.048,4 Laps,85,148.048
60,2:26.324,4 Laps,86,146.324
60,2:29.312,5 Laps,87,149.312
60,2:26.115,5 Laps,88,146.115
60,2:18.568,6 Laps,89,138.568
60,2:29.595,6 Laps,90,149.595
60,2:20.928,6 Laps,91,140.928
60,2:18.738,6 Laps,92,138.738
60,2:19.676,6 Laps,93,139.676
60,2:18.739,6 Laps,94,138.739
60,2:28.367,8 Laps,95,148.367
60,2:57.669,10 Laps,96,177.66899999999998
60,2:33.830,10 Laps,97,153.82999999999998
60,2:38.240,10 Laps,98,158.24
60,2:18.944,9 Laps,99,138.944
60,2:19.002,9 Laps,100,139.002
60,2:26.912,9 Laps,101,146.912
60,2:45.493,9 Laps,102,165.493
60,2:19.209,9 Laps,103,139.209
60,2:19.073,9 Laps,104,139.073
60,3:26.525,10 Laps,105,206.525
60,2:20.958,10 Laps,106,140.958
60,2:18.304,11 Laps,107,138.304
60,2:18.798,11 Laps,108,138.798
60,2:41.802,2 Laps,109,161.802
60,2:30.865,3 Laps,110,150.865
60,2:26.658,4 Laps,111,146.65800000000002
60,2:25.754,5 Laps,112,145.754
60,2:22.121,6 Laps,113,142.121
60,2:23.386,7 Laps,114,143.386
60,2:20.202,6 Laps,115,140.202
60,4:33.615,6 Laps,116,273.615
60,2:26.966,7 Laps,117,146.966
60,3:34.977,7 Laps,118,214.977
60,2:27.828,8 Laps,119,147.828
60,2:26.742,8 Laps,120,146.742
60,2:50.330,10 Laps,121,170.32999999999998
60,2:20.093,10 Laps,122,140.093
60,4:15.028,10 Laps,123,255.028
60,2:55.635,9 Laps,124,175.635
60,2:20.446,9 Laps,125,140.446
60,2:20.785,9 Laps,126,140.785
60,3:47.312,10 Laps,127,227.312
60,2:17.857,9 Laps,128,137.857
60,2:17.256,9 Laps,129,137.256
60,2:21.245,10 Laps,130,141.245
60,2:18.295,10 Laps,131,138.29500000000002
60,2:15.459,10 Laps,132,135.459
60,2:15.593,10 Laps,133,135.593
60,2:17.814,11 Laps,134,137.814
60,2:17.884,11 Laps,135,137.88400000000001
63,4:20.861,4.722,1,260.861
63,2:31.944,19.526,2,151.944
63,2:14.250,13.348,3,134.25
63,4:55.729,3:21.547,4,295.729
63,2:11.112,1:53.471,5,131.112
63,2:10.006,1 Lap,6,130.006
63,2:16.542,1:42.052,7,136.542
63,2:13.678,1 Lap,8,133.678
63,2:31.329,1 Lap,9,151.329
63,2:11.620,1 Lap,10,131.62
63,2:10.038,1 Lap,11,130.038
63,3:22.308,1 Lap,12,202.308
63,2:11.676,1 Lap,13,131.676
63,2:12.033,1 Lap,14,132.033
63,2:07.884,2 Laps,15,127.884
63,2:10.374,2 Laps,16,130.374
63,2:11.774,2 Laps,17,131.774
63,4:58.711,2 Laps,18,298.711
63,2:39.901,2 Laps,19,159.901
63,2:10.770,2 Laps,20,130.77
63,2:10.433,2 Laps,21,130.433
63,3:03.797,2 Laps,22,183.797
63,4:54.436,2 Laps,23,294.436
63,2:10.062,1 Lap,24,130.062
63,2:09.938,1 Lap,25,129.938
63,2:09.720,2 Laps,26,129.72
63,2:08.521,2 Laps,27,128.52100000000002
63,2:12.682,4 Laps,28,132.682
63,2:18.751,23.301,29,138.751
63,2:10.569,18.086,30,130.569
63,2:09.686,21.842,31,129.686
63,2:09.768,1:56.204,32,129.768
63,2:12.171,1 Lap,33,132.171
63,2:12.666,1 Lap,34,132.666
63,3:44.312,1 Lap,35,224.312
63,2:12.539,1 Lap,36,132.539
63,3:47.909,1 Lap,37,227.909
63,2:11.524,1 Lap,38,131.524
63,2:16.080,1 Lap,39,136.07999999999998
63,2:11.599,1 Lap,40,131.599
63,2:10.965,1 Lap,41,130.965
63,2:11.401,1 Lap,42,131.401
63,2:10.371,1 Lap,43,130.371
63,2:08.052,2 Laps,44,128.052
63,2:10.542,2 Laps,45,130.542
63,2:09.833,2 Laps,46,129.833
63,2:42.919,2 Laps,47,162.91899999999998
63,2:10.722,2 Laps,48,130.722
63,2:10.460,2 Laps,49,130.46
63,2:09.973,2 Laps,50,129.973
63,3:06.335,1 Lap,51,186.335
63,2:10.080,1 Lap,52,130.08
63,2:08.138,2 Laps,53,128.138
63,2:09.466,2 Laps,54,129.466
63,5:41.156,3 Laps,55,341.156
63,2:12.487,4 Laps,56,132.487
63,2:10.354,4 Laps,57,130.35399999999998
63,3:21.516,12.521,58,201.516
63,4:03.324,12.816,59,243.324
63,2:10.402,22.871,60,130.402
63,2:09.750,1:59.297,61,129.75
63,2:09.964,2:00.815,62,129.964
63,2:14.311,2:24.077,63,134.311
63,2:12.786,2:08.573,64,132.786
63,2:16.446,1 Lap,65,136.446
63,4:54.178,1 Lap,66,294.178
63,3:30.189,1 Lap,67,210.189
63,3:11.305,1 Lap,68,191.305
63,2:11.480,1 Lap,69,131.48
63,2:10.647,1 Lap,70,130.647
63,2:18.899,1 Lap,71,138.899
63,2:13.994,2 Laps,72,133.994
63,2:09.512,2 Laps,73,129.512
63,2:09.229,2 Laps,74,129.22899999999998
63,2:10.772,2 Laps,75,130.772
63,2:09.651,2 Laps,76,129.651
63,2:09.680,2 Laps,77,129.68
63,2:09.891,2 Laps,78,129.891
63,2:10.071,1 Lap,79,130.071
63,2:25.007,1 Lap,80,145.007
63,2:55.932,1 Lap,81,175.93200000000002
63,2:10.081,1 Lap,82,130.081
63,2:10.171,1 Lap,83,130.171
63,2:10.397,1 Lap,84,130.397
63,2:12.437,1 Lap,85,132.437
63,3:00.119,3 Laps,86,180.119
63,2:10.846,3 Laps,87,130.846
63,2:16.751,4 Laps,88,136.751
63,2:12.739,4 Laps,89,132.739
63,2:10.020,21.860,90,130.02
63,2:12.287,27.978,91,132.287
63,2:10.095,2:02.282,92,130.095
63,2:11.982,1:32.375,93,131.982
63,2:10.170,1:31.870,94,130.17
63,2:09.322,1 Lap,95,129.322
63,2:08.959,1 Lap,96,128.959
63,2:50.498,1 Lap,97,170.498
63,2:11.920,1 Lap,98,131.92
63,2:10.337,1 Lap,99,130.337
63,2:10.859,1 Lap,100,130.859
63,2:10.142,1 Lap,101,130.142
63,2:10.180,1 Lap,102,130.18
63,3:41.883,2 Laps,103,221.883
63,3:11.902,2 Laps,104,191.902
63,2:21.623,2 Laps,105,141.623
63,3:44.398,2 Laps,106,224.398
63,2:09.407,2 Laps,107,129.407
63,2:16.609,1 Lap,108,136.609
63,2:48.270,1 Lap,109,168.27
63,2:11.714,1 Lap,110,131.714
63,2:10.297,1 Lap,111,130.297
63,2:15.710,1 Lap,112,135.71
63,2:11.534,1 Lap,113,131.534
63,2:10.473,1 Lap,114,130.473
63,2:10.886,3 Laps,115,130.886
63,2:11.264,3 Laps,116,131.264
63,3:35.708,6.705,117,215.708
63,2:17.786,12.384,118,137.786
63,2:16.833,38.544,119,136.833
63,2:10.940,2:05.552,120,130.94
63,2:12.898,1 Lap,121,132.898
63,2:10.630,1:33.684,122,130.63
63,2:09.100,1 Lap,123,129.1
63,2:13.890,1 Lap,124,133.89
63,4:00.344,1 Lap,125,240.344
63,2:11.251,1 Lap,126,131.251
63,2:11.346,1 Lap,127,131.346
63,2:11.765,2 Laps,128,131.765
63,2:07.963,2 Laps,129,127.963
63,2:09.048,2 Laps,130,129.048
63,2:09.276,2 Laps,131,129.276
63,4:00.837,2 Laps,132,240.837
63,2:09.880,2 Laps,133,129.88
63,2:10.289,2 Laps,134,130.289
63,3:09.753,1 Lap,135,189.753
63,2:10.724,2 Laps,136,130.724
63,2:10.559,1 Lap,137,130.559
63,2:10.161,1 Lap,138,130.161
63,3:38.941,2 Laps,139,218.941
63,2:09.553,1 Lap,140,129.553
63,2:17.449,1 Lap,141,137.449
63,2:10.856,3 Laps,142,130.856
63,2:10.950,3 Laps,143,130.95
7,4:16.139,0.000,1,256.139
7,2:26.864,9.724,2,146.864
7,2:09.853,,3,129.853
7,3:39.188,,4,219.188
7,2:07.035,,5,127.035
7,2:06.744,,6,126.744
7,2:07.653,,7,127.653
7,2:07.190,,8,127.19
7,2:32.038,,9,152.038
7,4:49.458,,10,289.45799999999997
7,2:07.280,,11,127.28
7,2:08.244,,12,128.244
7,2:08.327,,13,128.327
7,2:07.461,,14,127.461
7,2:07.523,,15,127.523
7,2:08.283,,16,128.283
7,2:07.042,,17,127.042
7,2:09.270,,18,129.27
7,2:08.176,,19,128.176
7,2:45.851,,20,165.851
7,2:09.205,,21,129.205
7,2:08.633,,22,128.633
7,3:06.366,,23,186.36599999999999
7,4:53.258,,24,293.258
7,2:06.701,,25,126.701
7,2:06.838,,26,126.838
7,2:07.468,,27,127.468
7,2:15.422,1.103,28,135.422
7,2:07.481,,29,127.481
7,2:08.648,,30,128.648
7,2:08.075,,31,128.075
7,2:14.910,9.658,32,134.91
7,2:05.831,,33,125.831
7,2:05.930,,34,125.93
7,2:06.657,,35,126.657
7,2:14.155,,36,134.155
7,2:07.489,,37,127.489
7,2:08.277,,38,128.277
7,4:59.575,,39,299.575
7,2:07.596,,40,127.596
7,2:04.322,,41,124.322
7,2:05.550,,42,125.55
7,2:08.975,,43,128.975
7,2:07.938,,44,127.938
7,2:07.181,,45,127.181
7,2:08.285,,46,128.285
7,2:09.351,,47,129.351
7,2:49.539,,48,169.539
7,2:08.439,,49,128.439
7,2:14.963,,50,134.963
7,4:57.156,,51,297.156
7,2:07.023,,52,127.023
7,2:07.134,,53,127.134
7,3:20.622,1:14.031,54,200.622
7,2:02.327,1:01.627,55,122.327
7,2:08.360,,56,128.36
7,2:08.556,,57,128.556
7,2:07.687,,58,127.687
7,2:08.971,,59,128.971
7,3:27.837,5.199,60,207.837
7,4:02.759,4.929,61,242.759
7,2:09.373,,62,129.373
7,2:11.031,,63,131.031
7,2:08.446,,64,128.446
7,2:08.628,,65,128.628
7,3:08.127,39.837,66,188.127
7,2:07.602,,67,127.602
7,2:07.682,,68,127.682
7,3:33.105,,69,213.105
7,2:53.393,,70,173.393
7,2:07.692,,71,127.69200000000001
7,2:07.560,,72,127.56
7,2:05.590,,73,125.59
7,2:06.869,,74,126.869
7,2:07.357,,75,127.357
7,2:07.393,,76,127.393
7,2:07.284,,77,127.284
7,2:09.099,,78,129.099
7,2:08.744,,79,128.744
7,2:07.953,,80,127.953
7,2:08.633,,81,128.633
7,3:43.628,1:17.745,82,223.628
7,2:10.024,1:18.617,83,130.024
7,3:19.212,,84,199.212
7,2:50.738,,85,170.738
7,2:07.177,,86,127.17699999999999
7,2:04.429,,87,124.429
7,2:07.794,,88,127.794
7,2:08.297,,89,128.297
7,2:10.112,,90,130.112
7,2:08.578,,91,128.578
7,2:06.169,,92,126.169
7,2:07.670,,93,127.67
7,2:08.343,,94,128.343
7,2:10.675,,95,130.675
7,2:08.242,,96,128.242
7,2:07.603,,97,127.603
7,2:14.556,,98,134.556
7,2:06.900,,99,126.9
7,2:07.447,,100,127.447
7,2:07.276,,101,127.276
7,2:06.908,,102,126.908
7,2:13.521,,103,133.52100000000002
7,3:55.196,,104,235.196
7,3:05.576,,105,185.576
7,2:08.105,,106,128.105
7,2:07.834,,107,127.834
7,2:07.117,1:09.899,108,127.117
7,2:07.266,,109,127.266
7,2:05.794,,110,125.794
7,2:07.670,,111,127.67
7,2:08.898,,112,128.898
7,2:08.587,,113,128.587
7,2:04.552,,114,124.55199999999999
7,2:05.561,,115,125.561
7,2:08.292,,116,128.292
7,2:08.274,,117,128.274
7,3:38.839,3.060,118,218.839
7,2:12.480,3.433,119,132.48
7,2:06.267,,120,126.267
7,2:12.726,,121,132.726
7,2:07.084,,122,127.084
7,2:07.891,,123,127.891
7,2:08.816,,124,128.816
7,2:08.174,,125,128.174
7,2:09.672,,126,129.672
7,2:08.890,,127,128.89
7,2:06.961,,128,126.961
7,2:10.108,,129,130.108
7,4:29.143,1:56.896,130,269.14300000000003
7,4:07.876,36.895,131,247.876
7,2:07.632,,132,127.632
7,2:06.939,,133,126.939
7,2:06.881,,134,126.881
7,2:08.955,,135,128.955
7,5:06.313,,136,306.313
7,5:04.144,,137,304.144
7,2:08.171,,138,128.171
7,2:06.921,,139,126.921
7,2:06.542,,140,126.542
7,2:05.949,,141,125.949
7,2:06.471,,142,126.471
7,2:07.585,,143,127.585
7,2:06.608,,144,126.608
7,2:07.604,,145,127.604
7,2:08.465,,146,128.465
7,2:08.175,,147,128.175
708,4:17.458,1.319,1,257.45799999999997
708,2:30.518,14.697,2,150.518
708,2:12.138,5.640,3,132.138
708,3:04.018,38.558,4,184.018
708,2:09.472,58.222,5,129.472
708,2:10.623,1:02.101,6,130.623
708,2:09.224,1 Lap,7,129.224
708,2:09.489,1 Lap,8,129.489
708,2:09.305,1 Lap,9,129.305
708,2:31.405,1 Lap,10,151.405
708,2:08.521,1 Lap,11,128.52100000000002
708,2:10.022,1 Lap,12,130.022
708,3:22.418,1 Lap,13,202.418
708,2:11.078,1 Lap,14,131.078
708,2:11.004,1 Lap,15,131.004
708,2:09.576,1 Lap,16,129.576
708,2:10.840,1 Lap,17,130.84
708,2:10.209,2 Laps,18,130.209
708,2:08.523,2 Laps,19,128.523
708,2:44.579,2 Laps,20,164.579
708,2:13.167,2 Laps,21,133.167
708,2:09.648,2 Laps,22,129.648
708,2:21.544,2 Laps,23,141.544
708,2:40.981,2 Laps,24,160.981
708,2:06.228,2 Laps,25,126.228
708,2:06.571,2 Laps,26,126.571
708,2:09.365,2 Laps,27,129.365
708,2:08.600,2 Laps,28,128.6
708,2:09.617,2 Laps,29,129.617
708,2:09.599,2 Laps,30,129.599
708,2:11.601,2 Laps,31,131.601
708,2:10.182,2 Laps,32,130.182
708,2:17.080,16.801,33,137.07999999999998
708,2:10.781,10.590,34,130.781
708,2:09.780,14.440,35,129.78
708,2:10.077,41.600,36,130.077
708,2:09.275,44.218,37,129.275
708,2:17.586,1:12.034,38,137.586
708,2:09.025,1 Lap,39,129.025
708,2:09.733,1 Lap,40,129.733
708,4:09.819,1 Lap,41,249.819
708,4:53.905,1 Lap,42,293.905
708,2:09.974,1 Lap,43,129.974
708,2:08.916,1 Lap,44,128.916
708,2:10.756,1 Lap,45,130.756
708,2:10.023,1 Lap,46,130.023
708,2:09.612,1 Lap,47,129.612
708,2:10.762,1 Lap,48,130.762
708,2:11.689,1 Lap,49,131.689
708,2:09.496,1 Lap,50,129.496
708,2:10.110,2 Laps,51,130.11
708,2:10.394,2 Laps,52,130.394
708,2:50.264,2 Laps,53,170.264
708,2:11.065,2 Laps,54,131.065
708,2:10.912,2 Laps,55,130.912
708,2:10.277,2 Laps,56,130.277
708,4:38.759,2 Laps,57,278.759
708,4:36.970,2 Laps,58,276.97
708,2:07.127,2 Laps,59,127.127
708,2:08.295,2 Laps,60,128.295
708,2:09.126,2 Laps,61,129.126
708,2:10.489,2 Laps,62,130.489
708,2:10.753,2 Laps,63,130.753
708,2:12.341,2 Laps,64,132.341
708,2:10.256,2 Laps,65,130.256
708,2:09.512,2 Laps,66,129.512
708,3:25.091,9.596,67,205.091
708,4:03.664,10.231,68,243.664
708,2:11.513,16.580,69,131.513
708,2:10.328,46.100,70,130.328
708,4:38.619,1 Lap,71,278.619
708,2:08.232,1 Lap,72,128.232
708,3:30.181,1 Lap,73,210.181
708,2:08.270,1 Lap,74,128.27
708,2:11.261,1 Lap,75,131.261
708,2:09.120,1 Lap,76,129.12
708,2:09.270,1 Lap,77,129.27
708,2:08.752,1 Lap,78,128.752
708,2:10.509,2 Laps,79,130.50900000000001
708,2:11.842,2 Laps,80,131.842
708,2:10.095,2 Laps,81,130.095
708,2:10.021,2 Laps,82,130.02100000000002
708,2:09.855,1 Lap,83,129.855
708,3:19.951,2 Laps,84,199.951
708,2:08.619,2 Laps,85,128.619
708,2:16.194,1 Lap,86,136.194
708,2:10.674,2 Laps,87,130.674
708,2:10.847,2 Laps,88,130.847
708,2:09.282,2 Laps,89,129.282
708,2:09.268,2 Laps,90,129.268
708,2:10.097,15.646,91,130.097
708,2:11.792,21.269,92,131.792
708,2:10.975,48.447,93,130.975
708,2:11.208,51.985,94,131.208
708,2:26.595,1 Lap,95,146.595
708,2:16.514,1 Lap,96,136.514
708,2:09.041,1 Lap,97,129.041
708,2:09.675,1 Lap,98,129.675
708,2:52.798,1 Lap,99,172.798
708,2:11.163,1 Lap,100,131.163
708,2:15.845,1 Lap,101,135.845
708,3:11.843,1 Lap,102,191.843
708,2:10.671,1 Lap,103,130.671
708,2:10.722,1 Lap,104,130.722
708,2:09.189,1 Lap,105,129.189
708,2:18.963,1 Lap,106,138.963
708,2:12.029,2 Laps,107,132.029
708,2:44.162,2 Laps,108,164.162
708,2:09.894,2 Laps,109,129.894
708,2:17.163,1 Lap,110,137.163
708,2:49.902,2 Laps,111,169.902
708,2:07.767,2 Laps,112,127.767
708,2:08.668,2 Laps,113,128.668
708,2:08.615,2 Laps,114,128.615
708,3:07.885,2 Laps,115,187.885
708,2:09.674,2 Laps,116,129.674
708,2:11.236,2 Laps,117,131.236
708,3:37.391,5.095,118,217.391
708,2:13.800,6.788,119,133.8
708,2:09.854,24.856,120,129.85399999999998
708,3:01.598,1:13.728,121,181.598
708,2:11.740,56.641,122,131.74
708,2:12.301,1 Lap,123,132.301
708,2:09.445,1 Lap,124,129.445
708,2:16.261,1 Lap,125,136.261
708,4:22.617,1 Lap,126,262.617
708,2:10.668,1 Lap,127,130.668
708,2:10.211,1 Lap,128,130.211
708,2:10.417,1 Lap,129,130.417
708,2:09.155,1 Lap,130,129.155
708,4:28.710,2 Laps,131,268.71
708,2:13.907,2 Laps,132,133.907
708,4:56.562,2 Laps,133,296.562
708,5:00.349,2 Laps,134,300.349
708,2:10.272,2 Laps,135,130.272
708,2:09.680,2 Laps,136,129.68
708,4:03.913,2 Laps,137,243.913
708,2:07.120,2 Laps,138,127.12
708,2:05.754,2 Laps,139,125.754
708,2:10.545,2 Laps,140,130.545
708,2:10.070,2 Laps,141,130.07
708,2:09.843,2 Laps,142,129.843
708,2:09.744,2 Laps,143,129.744
708,2:10.902,2 Laps,144,130.902
708,2:11.602,2 Laps,145,131.602
77,5:15.759,59.620,1,315.759
77,2:35.585,47.663,2,155.585
77,2:30.689,1:05.066,3,150.689
77,4:56.619,2 Laps,4,296.619
77,2:21.374,2 Laps,5,141.374
77,2:26.115,3 Laps,6,146.115
77,2:23.346,3 Laps,7,143.346
77,2:22.822,3 Laps,8,142.822
77,2:35.748,4 Laps,9,155.748
77,2:19.495,5 Laps,10,139.495
77,2:19.654,5 Laps,11,139.654
77,2:19.492,5 Laps,12,139.492
77,2:19.344,6 Laps,13,139.344
77,2:26.415,6 Laps,14,146.415
77,2:17.646,7 Laps,15,137.64600000000002
77,4:59.509,7 Laps,16,299.509
77,2:38.872,7 Laps,17,158.872
77,3:38.324,8 Laps,18,218.324
77,2:22.345,8 Laps,19,142.345
77,3:03.519,8 Laps,20,183.519
77,2:18.236,7 Laps,21,138.236
77,2:16.577,8 Laps,22,136.577
77,2:18.235,8 Laps,23,138.235
77,2:18.332,9 Laps,24,138.332
77,2:19.131,9 Laps,25,139.131
77,2:19.591,9 Laps,26,139.591
77,2:19.028,9 Laps,27,139.028
77,2:48.900,1:31.380,28,168.9
77,2:58.082,2:14.486,29,178.082
77,2:34.701,1:33.936,30,154.701
77,2:28.586,2 Laps,31,148.586
77,2:23.807,2 Laps,32,143.807
77,2:23.934,3 Laps,33,143.934
77,2:23.331,3 Laps,34,143.331
77,4:36.174,4 Laps,35,276.174
77,4:55.879,4 Laps,36,295.879
77,2:19.734,5 Laps,37,139.734
77,2:19.148,5 Laps,38,139.148
77,2:19.071,5 Laps,39,139.071
77,2:18.852,5 Laps,40,138.852
77,2:19.633,6 Laps,41,139.633
77,2:19.772,6 Laps,42,139.772
77,3:47.386,7 Laps,43,227.386
77,2:17.401,7 Laps,44,137.401
77,2:17.693,7 Laps,45,137.693
77,2:42.679,7 Laps,46,162.679
77,2:21.264,7 Laps,47,141.264
77,2:17.900,8 Laps,48,137.9
77,2:16.429,8 Laps,49,136.429
77,4:40.855,8 Laps,50,280.855
77,3:08.633,7 Laps,51,188.633
77,2:18.113,7 Laps,52,138.113
77,2:18.478,7 Laps,53,138.478
77,2:17.936,8 Laps,54,137.936
77,2:22.599,9 Laps,55,142.599
77,2:19.171,9 Laps,56,139.171
77,2:18.724,10 Laps,57,138.724
77,2:51.939,1:34.129,58,171.939
77,2:32.834,2:00.840,59,152.834
77,2:21.524,2 Laps,60,141.524
77,2:27.076,3 Laps,61,147.076
77,2:26.321,2 Laps,62,146.321
77,2:25.744,3 Laps,63,145.744
77,2:25.064,3 Laps,64,145.064
77,3:31.926,4 Laps,65,211.926
77,2:18.625,5 Laps,66,138.625
77,2:21.198,5 Laps,67,141.198
77,2:19.742,6 Laps,68,139.742
77,2:24.121,7 Laps,69,144.121
77,2:17.525,7 Laps,70,137.525
77,2:19.148,7 Laps,71,139.148
77,2:18.687,7 Laps,72,138.687
77,2:18.302,7 Laps,73,138.302
77,2:17.102,8 Laps,74,137.102
77,2:28.512,7 Laps,75,148.512
77,2:48.741,7 Laps,76,168.74099999999999
77,2:19.602,7 Laps,77,139.602
77,2:19.181,7 Laps,78,139.181
77,2:16.967,8 Laps,79,136.96699999999998
77,2:19.084,8 Laps,80,139.084
77,2:18.856,9 Laps,81,138.856
77,2:19.468,10 Laps,82,139.468
77,2:19.397,10 Laps,83,139.397
77,2:27.304,1 Lap,84,147.304
77,2:29.785,1 Lap,85,149.785
77,2:21.108,2 Laps,86,141.108
77,2:21.044,2 Laps,87,141.044
77,2:24.745,3 Laps,88,144.745
77,2:24.152,3 Laps,89,144.152
77,3:04.693,4 Laps,90,184.693
77,2:18.640,5 Laps,91,138.64
77,2:19.631,5 Laps,92,139.631
77,2:19.186,5 Laps,93,139.186
77,2:20.390,5 Laps,94,140.39
77,2:22.634,6 Laps,95,142.63400000000001
77,2:19.747,6 Laps,96,139.747
77,3:18.180,7 Laps,97,198.18
77,2:54.266,7 Laps,98,174.266
77,2:18.046,7 Laps,99,138.046
77,2:18.374,7 Laps,100,138.374
77,2:19.828,8 Laps,101,139.828
77,2:19.883,,102,139.883
77,2:47.815,7 Laps,103,167.815
77,2:21.289,7 Laps,104,141.289
77,2:25.057,8 Laps,105,145.057
77,2:18.751,8 Laps,106,138.751
77,2:17.903,8 Laps,107,137.903
77,2:20.494,9 Laps,108,140.494
77,2:19.785,9 Laps,109,139.785
77,3:28.827,24.185,110,208.827
77,2:36.474,1 Lap,111,156.474
77,2:20.627,2 Laps,112,140.627
77,2:24.041,3 Laps,113,144.041
77,2:24.525,4 Laps,114,144.525
77,2:25.438,4 Laps,115,145.438
77,3:47.126,4 Laps,116,227.126
77,2:24.599,5 Laps,117,144.599
77,3:19.710,5 Laps,118,199.71
77,4:12.528,5 Laps,119,252.528
77,2:20.105,5 Laps,120,140.105
77,2:19.165,5 Laps,121,139.165
77,2:19.005,6 Laps,122,139.005
77,2:18.320,7 Laps,123,138.32
77,2:18.113,7 Laps,124,138.113
77,2:56.280,7 Laps,125,176.28
77,3:01.554,7 Laps,126,181.554
77,2:24.750,7 Laps,127,144.75
77,2:20.079,8 Laps,128,140.079
77,2:19.639,8 Laps,129,139.639
77,2:21.443,7 Laps,130,141.443
77,2:19.017,7 Laps,131,139.017
77,3:36.704,8 Laps,132,216.704
77,2:20.260,8 Laps,133,140.26
77,2:18.243,8 Laps,134,138.243
77,2:19.218,9 Laps,135,139.218
77,2:19.306,9 Laps,136,139.306
777,4:29.402,13.263,1,269.402
777,2:22.924,26.763,2,142.924
777,2:20.851,34.328,3,140.851
777,3:58.372,3:30.489,4,238.372
777,3:53.921,2 Laps,5,233.921
777,2:18.366,2 Laps,6,138.36599999999999
777,2:18.953,2 Laps,7,138.953
777,2:36.241,3 Laps,8,156.24099999999999
777,2:26.474,3 Laps,9,146.474
777,2:38.785,3 Laps,10,158.785
777,3:30.056,4 Laps,11,210.056
777,2:24.078,4 Laps,12,144.078
777,2:21.073,5 Laps,13,141.073
777,2:20.161,5 Laps,14,140.161
777,2:19.645,6 Laps,15,139.645
777,3:57.747,7 Laps,16,237.747
777,4:59.841,7 Laps,17,299.841
777,2:38.639,7 Laps,18,158.639
777,2:21.695,7 Laps,19,141.695
777,2:20.511,7 Laps,20,140.511
777,2:19.476,8 Laps,21,139.476
777,2:28.707,8 Laps,22,148.707
777,2:18.625,7 Laps,23,138.625
777,2:17.883,7 Laps,24,137.883
777,2:24.136,8 Laps,25,144.136
777,2:17.851,9 Laps,26,137.851
777,2:18.027,9 Laps,27,138.027
777,2:18.172,9 Laps,28,138.172
777,2:19.822,9 Laps,29,139.822
777,2:37.025,33.148,30,157.025
777,2:27.295,45.467,31,147.29500000000002
777,2:19.351,47.848,32,139.351
777,2:21.736,1 Lap,33,141.736
777,2:20.438,1 Lap,34,140.438
777,2:23.144,2 Laps,35,143.144
777,2:21.997,2 Laps,36,141.997
777,2:19.207,2 Laps,37,139.207
777,4:35.873,3 Laps,38,275.873
777,4:55.675,3 Laps,39,295.675
777,2:19.250,3 Laps,40,139.25
777,2:20.785,4 Laps,41,140.785
777,2:20.732,5 Laps,42,140.732
777,2:21.162,6 Laps,43,141.162
777,2:21.513,6 Laps,44,141.513
777,2:22.669,7 Laps,45,142.669
777,2:44.521,7 Laps,46,164.52100000000002
777,2:26.202,7 Laps,47,146.202
777,2:20.268,7 Laps,48,140.268
777,2:20.980,7 Laps,49,140.98
777,4:31.847,8 Laps,50,271.847
777,2:59.034,7 Laps,51,179.034
777,2:18.413,7 Laps,52,138.413
777,2:19.528,7 Laps,53,139.528
777,3:40.677,8 Laps,54,220.677
777,2:19.543,9 Laps,55,139.543
777,2:20.040,9 Laps,56,140.04
777,2:18.061,9 Laps,57,138.061
777,2:18.635,9 Laps,58,138.635
777,3:15.511,28.682,59,195.511
777,2:19.096,1:01.014,60,139.096
777,2:19.302,1:10.943,61,139.302
777,2:20.517,1 Lap,62,140.517
777,2:20.564,2 Laps,63,140.564
777,2:19.607,2 Laps,64,139.607
777,2:20.169,2 Laps,65,140.169
777,3:31.064,3 Laps,66,211.064
777,2:56.278,3 Laps,67,176.278
777,2:18.422,3 Laps,68,138.422
777,2:27.103,3 Laps,69,147.103
777,2:20.543,4 Laps,70,140.543
777,2:20.867,4 Laps,71,140.867
777,2:22.669,5 Laps,72,142.669
777,2:23.322,5 Laps,73,143.322
777,2:21.975,6 Laps,74,141.975
777,2:23.008,6 Laps,75,143.008
777,2:20.148,7 Laps,76,140.148
777,2:19.644,7 Laps,77,139.644
777,2:25.447,7 Laps,78,145.447
777,2:29.180,8 Laps,79,149.18
777,2:31.905,7 Laps,80,151.905
777,2:43.044,7 Laps,81,163.04399999999998
777,2:18.323,7 Laps,82,138.323
777,2:19.535,7 Laps,83,139.535
777,2:17.029,8 Laps,84,137.029
777,2:17.018,8 Laps,85,137.018
777,2:18.038,9 Laps,86,138.038
777,2:18.691,10 Laps,87,138.691
777,2:18.213,10 Laps,88,138.213
777,2:18.658,1:18.570,89,138.65800000000002
777,2:18.835,1 Lap,90,138.835
777,2:18.801,1 Lap,91,138.801
777,2:19.767,2 Laps,92,139.767
777,2:18.512,2 Laps,93,138.512
777,2:19.416,2 Laps,94,139.416
777,2:23.938,3 Laps,95,143.938
777,4:00.906,4 Laps,96,240.906
777,2:20.536,4 Laps,97,140.536
777,2:21.014,5 Laps,98,141.014
777,3:26.010,6 Laps,99,206.01
777,2:55.513,7 Laps,100,175.513
777,2:55.744,7 Laps,101,175.744
777,2:21.665,7 Laps,102,141.665
777,2:21.406,7 Laps,103,141.406
777,4:09.188,8 Laps,104,249.188
777,2:44.516,7 Laps,105,164.516
777,2:19.412,7 Laps,106,139.412
777,2:18.430,8 Laps,107,138.43
777,2:16.714,8 Laps,108,136.714
777,2:16.781,8 Laps,109,136.781
777,2:18.586,9 Laps,110,138.586
777,2:18.367,9 Laps,111,138.367
777,3:32.346,15.946,112,212.346
777,2:18.767,1:31.168,113,138.767
777,2:19.942,1:44.843,114,139.942
777,2:26.580,1 Lap,115,146.57999999999998
777,2:18.497,2 Laps,116,138.497
777,2:18.205,3 Laps,117,138.20499999999998
777,2:19.881,3 Laps,118,139.881
777,2:22.789,3 Laps,119,142.789
777,4:11.556,4 Laps,120,251.556
777,2:21.768,5 Laps,121,141.768
777,2:20.607,5 Laps,122,140.607
777,2:20.827,5 Laps,123,140.827
777,2:20.328,6 Laps,124,140.328
777,2:24.821,6 Laps,125,144.821
777,2:46.565,6 Laps,126,166.565
777,3:02.870,7 Laps,127,182.87
777,2:24.144,7 Laps,128,144.144
777,2:21.637,8 Laps,129,141.637
777,2:18.523,8 Laps,130,138.523
777,2:19.688,7 Laps,131,139.688
777,2:18.148,8 Laps,132,138.148
777,2:18.291,8 Laps,133,138.291
777,2:17.283,8 Laps,134,137.28300000000002
777,2:18.526,9 Laps,135,138.526
777,2:18.919,9 Laps,136,138.919
8,4:30.311,14.172,1,270.311
8,2:15.748,14.862,2,135.748
8,2:09.821,11.397,3,129.821
8,3:02.533,38.803,4,182.533
8,2:08.386,43.130,5,128.386
8,2:09.160,51.826,6,129.16
8,2:09.145,53.781,7,129.145
8,2:33.339,54.332,8,153.339
8,2:09.848,20.785,9,129.848
8,3:26.189,40.967,10,206.189
8,2:07.510,46.103,11,127.51
8,2:07.836,46.416,12,127.836
8,2:09.647,56.348,13,129.647
8,2:09.717,1:18.724,14,129.717
8,4:58.601,15.798,15,298.601
8,2:40.991,10.938,16,160.99099999999999
8,2:10.186,19.100,17,130.186
8,2:10.207,20.674,18,130.207
8,3:04.111,2.722,19,184.111
8,4:53.530,2.994,20,293.53
8,2:06.588,2.841,21,126.588
8,2:06.905,2.908,22,126.905
8,2:07.713,5.527,23,127.713
8,2:08.792,,24,128.792
8,2:08.058,8.131,25,128.058
8,2:09.429,8.912,26,129.429
8,2:08.156,13.227,27,128.156
8,2:31.020,28.052,28,151.02
8,2:17.949,31.025,29,137.949
8,2:08.029,13.595,30,128.029
8,2:08.768,16.433,31,128.768
8,2:06.929,38.697,32,126.929
8,2:07.573,39.613,33,127.57300000000001
8,2:08.160,43.637,34,128.16
8,2:10.777,40.259,35,130.777
8,2:09.604,55.896,36,129.60399999999998
8,2:07.810,55.429,37,127.81
8,4:13.932,18.806,38,253.932
8,4:55.121,14.352,39,295.121
8,2:09.146,21.687,40,129.14600000000002
8,2:08.372,22.463,41,128.372
8,2:06.736,43.381,42,126.736
8,2:07.788,45.619,43,127.788
8,2:08.562,46.003,44,128.562
8,2:07.784,57.090,45,127.784
8,2:10.893,1:00.802,46,130.893
8,2:08.992,1:19.540,47,128.992
8,2:08.963,1:20.218,48,128.963
8,2:45.470,6.869,49,165.47
8,2:10.709,9.139,50,130.709
8,2:10.079,15.790,51,130.079
8,2:10.093,,52,130.093
8,4:55.063,0.901,53,295.063
8,2:06.913,2.798,54,126.913
8,2:06.895,2.559,55,126.895
8,2:07.694,,56,127.694
8,2:14.731,,57,134.731
8,2:09.535,10.087,58,129.535
8,2:09.770,11.301,59,129.77
8,2:08.991,14.531,60,128.99099999999999
8,2:08.676,14.236,61,128.676
8,3:23.671,22.400,62,203.671
8,2:10.764,17.824,63,130.764
8,2:08.933,40.100,64,128.933
8,2:17.287,29.256,65,137.287
8,2:07.932,55.759,66,127.932
8,3:31.142,12.389,67,211.142
8,2:08.011,22.782,68,128.011
8,2:08.512,23.734,69,128.512
8,2:05.303,45.332,70,125.303
8,2:06.037,44.500,71,126.037
8,2:08.378,46.443,72,128.378
8,2:08.796,47.882,73,128.796
8,2:09.178,1:02.587,74,129.178
8,2:07.520,1:02.823,75,127.52
8,2:10.034,1:20.901,76,130.034
8,2:08.982,1:20.784,77,128.982
8,2:09.538,10.724,78,129.538
8,2:09.618,11.709,79,129.618
8,2:09.152,,80,129.152
8,3:19.102,0.791,81,199.102
8,2:51.007,1.060,82,171.007
8,2:07.411,2.793,83,127.411
8,3:10.928,4.872,84,190.928
8,2:08.568,12.075,85,128.568
8,2:08.861,12.639,86,128.861
8,2:10.588,14.712,87,130.588
8,2:10.503,16.637,88,130.503
8,2:10.081,16.874,89,130.081
8,2:13.314,24.019,90,133.314
8,2:08.680,40.152,91,128.68
8,2:09.289,41.771,92,129.289
8,3:08.819,49.895,93,188.819
8,2:11.685,50.905,94,131.685
8,2:08.015,56.092,95,128.015
8,2:07.928,55.778,96,127.928
8,2:54.037,13.033,97,174.037
8,2:12.652,18.082,98,132.652
8,2:07.721,16.899,99,127.721
8,2:06.921,44.521,100,126.921
8,2:08.850,49.456,101,128.85
8,2:10.173,52.721,102,130.173
8,2:58.237,1:47.539,103,178.237
8,2:26.301,18.644,104,146.301
8,2:17.894,1:29.934,105,137.894
8,2:44.069,1:08.427,106,164.06900000000002
8,2:09.817,13.421,107,129.817
8,2:15.835,,108,135.835
8,3:20.392,3.227,109,200.392
8,2:05.284,0.550,110,125.284
8,2:07.606,2.729,111,127.606
8,2:08.672,2.503,112,128.672
8,2:06.142,6.462,113,126.142
8,2:06.334,7.235,114,126.334
8,2:08.467,12.814,115,128.467
8,2:08.624,13.164,116,128.624
8,3:32.918,11.221,117,212.918
8,2:08.823,26.575,118,128.823
8,3:01.609,1:15.458,119,181.609
8,2:07.642,42.329,120,127.642
8,2:07.050,41.488,121,127.05
8,2:08.751,50.840,122,128.751
8,2:07.935,54.041,123,127.935
8,2:07.880,53.031,124,127.88
8,2:09.171,20.292,125,129.171
8,2:08.033,18.217,126,128.033
8,2:15.348,,127,135.348
8,5:27.877,,128,327.877
8,2:07.993,45.067,129,127.993
8,2:08.619,46.054,130,128.619
8,2:07.968,53.750,131,127.968
8,2:08.115,54.984,132,128.115
8,3:08.588,1:18.277,133,188.588
8,4:19.227,21.341,134,259.227
8,2:10.391,15.978,135,130.391
8,2:10.312,18.119,136,130.312
8,2:08.407,4.713,137,128.407
8,2:06.806,4.977,138,126.806
8,2:05.981,0.582,139,125.981
8,2:08.843,2.954,140,128.843
8,2:10.587,4.503,141,130.587
8,2:08.364,5.282,142,128.364
8,2:06.783,7.410,143,126.783
8,2:07.748,7.554,144,127.748
8,2:08.469,13.168,145,128.469
8,2:08.153,13.146,146,128.153
83,4:27.154,11.015,1,267.154
83,2:27.379,34.860,2,147.379
83,2:24.853,46.427,3,144.853
83,3:44.451,1 Lap,4,224.451
83,2:20.882,1 Lap,5,140.882
83,2:21.187,1 Lap,6,141.187
83,2:20.929,2 Laps,7,140.929
83,2:20.553,3 Laps,8,140.553
83,2:29.374,3 Laps,9,149.374
83,2:20.870,4 Laps,10,140.87
83,2:22.422,4 Laps,11,142.422
83,2:18.589,4 Laps,12,138.589
83,2:20.305,4 Laps,13,140.305
83,2:18.563,5 Laps,14,138.563
83,2:25.534,5 Laps,15,145.534
83,2:17.418,6 Laps,16,137.418
83,4:59.180,6 Laps,17,299.18
83,2:39.211,6 Laps,18,159.211
83,3:36.499,7 Laps,19,216.499
83,2:19.993,7 Laps,20,139.993
83,2:24.785,6 Laps,21,144.785
83,2:24.831,6 Laps,22,144.831
83,2:16.128,6 Laps,23,136.128
83,2:16.560,6 Laps,24,136.56
83,2:16.654,7 Laps,25,136.654
83,2:16.987,7 Laps,26,136.987
83,2:17.736,7 Laps,27,137.736
83,2:18.613,8 Laps,28,138.613
83,2:18.540,8 Laps,29,138.54
83,2:47.046,40.921,30,167.046
83,2:37.956,1:03.901,31,157.95600000000002
83,2:22.107,1:02.703,32,142.107
83,2:21.541,1 Lap,33,141.541
83,2:20.372,1 Lap,34,140.372
83,2:30.642,2 Laps,35,150.642
83,2:20.101,2 Laps,36,140.101
83,2:21.868,3 Laps,37,141.868
83,4:11.339,3 Laps,38,251.339
83,4:54.156,3 Laps,39,294.156
83,2:21.142,4 Laps,40,141.142
83,2:17.424,4 Laps,41,137.424
83,2:18.981,4 Laps,42,138.981
83,2:19.065,4 Laps,43,139.065
83,2:18.530,5 Laps,44,138.53
83,2:18.654,5 Laps,45,138.654
83,3:45.854,6 Laps,46,225.85399999999998
83,2:16.744,6 Laps,47,136.744
83,2:16.728,6 Laps,48,136.728
83,2:43.379,6 Laps,49,163.379
83,2:19.066,6 Laps,50,139.066
83,2:15.020,7 Laps,51,135.02
83,2:14.829,7 Laps,52,134.829
83,3:52.924,6 Laps,53,232.924
83,4:35.037,6 Laps,54,275.037
83,2:15.909,6 Laps,55,135.909
83,2:16.733,7 Laps,56,136.733
83,2:16.545,7 Laps,57,136.54500000000002
83,2:18.570,7 Laps,58,138.57
83,2:17.519,8 Laps,59,137.519
83,2:19.351,8 Laps,60,139.351
83,2:18.907,8 Laps,61,138.907
83,3:00.724,32.329,62,180.724
83,2:20.183,1:16.956,63,140.183
83,2:20.956,1:28.539,64,140.956
83,2:20.208,1 Lap,65,140.208
83,3:54.232,2 Laps,66,234.232
83,2:19.930,3 Laps,67,139.93
83,2:19.427,3 Laps,68,139.427
83,3:30.884,3 Laps,69,210.88400000000001
83,2:17.573,4 Laps,70,137.573
83,2:19.720,4 Laps,71,139.72
83,2:18.658,5 Laps,72,138.65800000000002
83,2:24.806,6 Laps,73,144.806
83,2:20.072,6 Laps,74,140.072
83,2:17.481,6 Laps,75,137.481
83,2:18.100,6 Laps,76,138.1
83,2:17.837,6 Laps,77,137.837
83,2:15.533,7 Laps,78,135.533
83,3:19.819,6 Laps,79,199.819
83,2:16.072,6 Laps,80,136.072
83,2:16.106,6 Laps,81,136.106
83,2:16.961,7 Laps,82,136.961
83,2:18.564,8 Laps,83,138.564
83,2:18.262,8 Laps,84,138.262
83,2:18.594,8 Laps,85,138.594
83,2:21.342,1:38.850,86,141.34199999999998
83,2:19.975,1 Lap,87,139.975
83,2:20.707,1 Lap,88,140.707
83,2:26.266,2 Laps,89,146.266
83,2:22.256,2 Laps,90,142.256
83,2:19.691,3 Laps,91,139.691
83,3:00.221,3 Laps,92,180.221
83,2:17.839,4 Laps,93,137.839
83,2:17.976,4 Laps,94,137.976
83,2:18.583,4 Laps,95,138.583
83,2:20.175,4 Laps,96,140.175
83,2:21.663,5 Laps,97,141.663
83,2:18.725,5 Laps,98,138.725
83,3:19.912,6 Laps,99,199.912
83,2:54.001,6 Laps,100,174.001
83,2:54.533,6 Laps,101,174.53300000000002
83,2:17.862,6 Laps,102,137.862
83,2:17.526,6 Laps,103,137.526
83,2:15.583,7 Laps,104,135.583
83,2:16.259,6 Laps,105,136.25900000000001
83,2:50.169,6 Laps,106,170.16899999999998
83,2:18.626,6 Laps,107,138.626
83,2:23.315,6 Laps,108,143.315
83,2:16.685,7 Laps,109,136.685
83,2:17.832,7 Laps,110,137.832
83,2:18.846,8 Laps,111,138.846
83,2:19.845,8 Laps,112,139.845
83,3:31.625,19.588,113,211.625
83,2:23.634,1:56.315,114,143.63400000000001
83,2:27.624,1 Lap,115,147.624
83,2:22.381,1 Lap,116,142.381
83,2:22.847,2 Laps,117,142.847
83,2:19.283,3 Laps,118,139.28300000000002
83,3:48.340,3 Laps,119,228.34
83,2:26.514,4 Laps,120,146.514
83,3:26.469,4 Laps,121,206.469
83,4:03.235,4 Laps,122,243.235
83,2:18.593,4 Laps,123,138.593
83,2:18.512,5 Laps,124,138.512
83,2:17.959,6 Laps,125,137.959
83,2:18.464,6 Laps,126,138.464
83,3:04.276,6 Laps,127,184.276
83,2:23.098,6 Laps,128,143.098
83,2:16.249,6 Laps,129,136.249
83,2:16.340,6 Laps,130,136.34
83,2:17.178,6 Laps,131,137.178
83,2:15.899,6 Laps,132,135.899
83,3:41.197,7 Laps,133,221.197
83,2:20.116,7 Laps,134,140.11599999999999
83,2:17.637,7 Laps,135,137.637
83,2:19.333,7 Laps,136,139.333
83,2:19.883,8 Laps,137,139.883
83,2:18.243,8 Laps,138,138.243
85,4:24.768,8.629,1,264.76800000000003
85,2:26.948,32.119,2,146.948
85,2:22.443,41.276,3,142.443
85,3:53.567,3:37.962,4,233.567
85,2:19.777,1 Lap,5,139.777
85,2:26.125,1 Lap,6,146.125
85,2:19.413,2 Laps,7,139.413
85,2:19.385,2 Laps,8,139.385
85,2:37.299,3 Laps,9,157.299
85,2:24.467,4 Laps,10,144.46699999999998
85,2:24.182,4 Laps,11,144.182
85,2:18.665,4 Laps,12,138.665
85,2:20.754,4 Laps,13,140.754
85,2:20.346,5 Laps,14,140.346
85,2:26.875,5 Laps,15,146.875
85,2:17.182,6 Laps,16,137.182
85,2:30.580,6 Laps,17,150.57999999999998
85,2:38.315,6 Laps,18,158.315
85,2:24.611,6 Laps,19,144.611
85,2:17.901,7 Laps,20,137.901
85,2:54.072,7 Laps,21,174.072
85,2:17.456,6 Laps,22,137.456
85,3:34.359,7 Laps,23,214.359
85,2:22.272,7 Laps,24,142.272
85,2:18.425,8 Laps,25,138.425
85,2:19.609,8 Laps,26,139.609
85,2:22.337,8 Laps,27,142.337
85,2:41.261,32.750,28,161.261
85,2:31.608,49.382,29,151.608
85,2:20.940,56.385,30,140.94
85,2:20.895,1 Lap,31,140.895
85,2:20.122,1 Lap,32,140.122
85,3:45.359,2 Laps,33,225.359
85,2:19.276,2 Laps,34,139.276
85,4:33.367,3 Laps,35,273.367
85,4:55.596,3 Laps,36,295.596
85,2:19.606,4 Laps,37,139.606
85,2:17.820,4 Laps,38,137.82
85,2:18.813,4 Laps,39,138.813
85,2:19.260,4 Laps,40,139.26
85,2:19.299,5 Laps,41,139.299
85,2:19.278,5 Laps,42,139.278
85,3:52.872,6 Laps,43,232.872
85,2:18.013,6 Laps,44,138.013
85,2:18.544,6 Laps,45,138.544
85,2:41.931,6 Laps,46,161.93099999999998
85,2:21.306,6 Laps,47,141.306
85,3:52.560,7 Laps,48,232.56
85,4:42.185,7 Laps,49,282.185
85,3:07.110,,50,187.11
85,2:18.669,6 Laps,51,138.669
85,2:18.047,6 Laps,52,138.047
85,2:17.368,7 Laps,53,137.368
85,2:19.483,8 Laps,54,139.483
85,2:21.083,8 Laps,55,141.083
85,2:23.637,8 Laps,56,143.637
85,3:12.354,29.440,57,192.35399999999998
85,2:20.440,1:10.895,58,140.44
85,2:20.053,1:21.575,59,140.053
85,2:19.367,1 Lap,60,139.367
85,2:23.711,2 Laps,61,143.711
85,2:19.656,2 Laps,62,139.656
85,2:20.274,2 Laps,63,140.274
85,3:31.680,3 Laps,64,211.68
85,2:16.985,4 Laps,65,136.985
85,2:18.721,4 Laps,66,138.721
85,2:19.622,5 Laps,67,139.622
85,2:23.564,6 Laps,68,143.564
85,2:20.087,6 Laps,69,140.087
85,2:18.810,6 Laps,70,138.81
85,2:19.112,6 Laps,71,139.112
85,2:26.985,7 Laps,72,146.985
85,2:18.787,7 Laps,73,138.787
85,2:29.999,6 Laps,74,149.999
85,2:46.119,6 Laps,75,166.119
85,2:19.699,6 Laps,76,139.699
85,2:18.223,6 Laps,77,138.223
85,2:15.589,7 Laps,78,135.589
85,2:15.362,7 Laps,79,135.362
85,2:19.599,8 Laps,80,139.599
85,2:19.419,8 Laps,81,139.419
85,2:23.845,9 Laps,82,143.845
85,2:22.651,9 Laps,83,142.651
85,2:19.153,1:29.697,84,139.153
85,2:21.178,1 Lap,85,141.178
85,2:20.409,1 Lap,86,140.409
85,2:19.188,2 Laps,87,139.188
85,2:18.327,2 Laps,88,138.327
85,2:22.392,3 Laps,89,142.392
85,3:03.491,3 Laps,90,183.491
85,2:18.124,4 Laps,91,138.124
85,2:17.455,4 Laps,92,137.45499999999998
85,2:19.262,4 Laps,93,139.262
85,2:19.653,4 Laps,94,139.653
85,2:19.749,5 Laps,95,139.749
85,2:21.026,5 Laps,96,141.026
85,2:17.168,6 Laps,97,137.168
85,3:14.870,6 Laps,98,194.87
85,3:07.865,7 Laps,99,187.865
85,2:18.003,6 Laps,100,138.003
85,2:18.233,6 Laps,101,138.233
85,2:16.491,7 Laps,102,136.49099999999999
85,2:17.282,7 Laps,103,137.282
85,2:45.976,6 Laps,104,165.976
85,2:18.140,6 Laps,105,138.14
85,2:18.489,6 Laps,106,138.489
85,2:17.222,7 Laps,107,137.222
85,2:16.970,7 Laps,108,136.97
85,2:20.490,8 Laps,109,140.49
85,3:33.097,17.278,110,213.097
85,2:19.345,1:42.873,111,139.345
85,2:20.515,1:57.121,112,140.515
85,2:19.671,1 Lap,113,139.671
85,2:19.768,2 Laps,114,139.768
85,2:21.214,3 Laps,115,141.214
85,2:20.328,3 Laps,116,140.328
85,3:49.404,3 Laps,117,229.404
85,2:30.951,4 Laps,118,150.951
85,3:27.721,4 Laps,119,207.721
85,4:01.184,4 Laps,120,241.184
85,2:18.405,4 Laps,121,138.405
85,2:19.343,5 Laps,122,139.343
85,2:17.722,6 Laps,123,137.722
85,2:17.562,6 Laps,124,137.562
85,5:06.187,7 Laps,125,306.187
85,3:01.846,6 Laps,126,181.846
85,2:18.224,6 Laps,127,138.224
85,2:18.222,6 Laps,128,138.222
85,2:20.325,7 Laps,129,140.325
85,2:19.727,6 Laps,130,139.727
85,2:18.028,6 Laps,131,138.028
85,2:19.757,7 Laps,132,139.757
85,2:25.249,7 Laps,133,145.249
85,2:17.083,7 Laps,134,137.083
85,2:17.475,7 Laps,135,137.475
85,2:19.144,8 Laps,136,139.144
85,2:19.475,8 Laps,137,139.475
86,4:30.074,13.935,1,270.074
86,2:33.232,43.615,2,153.232
86,2:28.825,59.154,3,148.825
86,3:24.884,1 Lap,4,204.88400000000001
86,2:59.427,1 Lap,5,179.427
86,2:25.676,2 Laps,6,145.676
86,2:27.045,3 Laps,7,147.04500000000002
86,2:38.440,4 Laps,8,158.44
86,2:15.690,4 Laps,9,135.69
86,2:17.653,4 Laps,10,137.653
86,2:20.643,4 Laps,11,140.643
86,2:19.211,4 Laps,12,139.211
86,2:22.764,5 Laps,13,142.764
86,2:26.678,7 Laps,14,146.678
86,2:28.150,7 Laps,15,148.15
86,2:25.243,9 Laps,16,145.243
86,2:38.277,9 Laps,17,158.277
86,2:26.138,9 Laps,18,146.138
86,2:17.610,10 Laps,19,137.61
86,2:54.693,10 Laps,20,174.69299999999998
86,2:18.312,9 Laps,21,138.312
86,2:18.536,10 Laps,22,138.536
86,2:19.161,10 Laps,23,139.161
86,2:17.936,11 Laps,24,137.936
86,2:18.053,11 Laps,25,138.053
86,2:19.356,11 Laps,26,139.356
86,2:54.502,51.297,27,174.502
86,2:44.810,1:21.131,28,164.81
86,2:31.313,1:24.636,29,151.313
86,2:23.297,1 Lap,30,143.297
86,2:23.122,2 Laps,31,143.122
86,2:23.845,2 Laps,32,143.845
86,2:25.718,3 Laps,33,145.718
86,4:36.053,4 Laps,34,276.053
86,4:55.678,4 Laps,35,295.678
86,2:17.810,5 Laps,36,137.81
86,2:20.921,5 Laps,37,140.921
86,2:23.686,5 Laps,38,143.686
86,2:22.109,6 Laps,39,142.109
86,2:19.428,7 Laps,40,139.428
86,2:19.194,7 Laps,41,139.194
86,2:40.777,9 Laps,42,160.777
86,3:35.794,10 Laps,43,215.79399999999998
86,4:41.763,10 Laps,44,281.763
86,3:06.895,9 Laps,45,186.895
86,2:18.027,9 Laps,46,138.027
86,2:18.944,9 Laps,47,138.944
86,2:24.728,10 Laps,48,144.728
86,2:18.257,11 Laps,49,138.257
86,2:18.602,11 Laps,50,138.602
86,2:19.035,11 Laps,51,139.035
86,2:19.265,12 Laps,52,139.265
86,2:47.171,36.006,53,167.171
86,2:26.581,1:45.287,54,146.581
86,2:24.597,2:00.511,55,144.597
86,2:23.960,1 Lap,56,143.96
86,2:23.601,1 Lap,57,143.601
86,2:25.232,2 Laps,58,145.232
86,2:24.994,3 Laps,59,144.994
86,2:25.314,3 Laps,60,145.314
86,3:32.584,4 Laps,61,212.584
86,2:18.390,5 Laps,62,138.39
86,2:18.548,5 Laps,63,138.548
86,2:23.167,5 Laps,64,143.167
86,2:23.210,5 Laps,65,143.21
86,2:22.806,6 Laps,66,142.806
86,2:21.659,7 Laps,67,141.659
86,7:28.149,10 Laps,68,448.149
86,2:20.416,9 Laps,69,140.416
86,2:20.572,9 Laps,70,140.572
86,2:25.585,10 Laps,71,145.585
86,2:17.442,10 Laps,72,137.442
86,2:30.261,9 Laps,73,150.261
86,2:45.910,9 Laps,74,165.91
86,2:19.360,9 Laps,75,139.36
86,2:19.117,9 Laps,76,139.117
86,3:55.945,10 Laps,77,235.945
86,2:17.819,10 Laps,78,137.819
86,2:18.798,11 Laps,79,138.798
86,2:19.300,12 Laps,80,139.3
86,2:19.438,12 Laps,81,139.438
86,2:25.158,1 Lap,82,145.15800000000002
86,2:23.222,1 Lap,83,143.222
86,2:25.351,2 Laps,84,145.351
86,2:32.523,2 Laps,85,152.523
86,2:24.180,3 Laps,86,144.18
86,3:04.736,4 Laps,87,184.736
86,2:19.560,5 Laps,88,139.56
86,2:21.640,5 Laps,89,141.64
86,2:25.094,6 Laps,90,145.094
86,2:33.386,6 Laps,91,153.386
86,2:19.117,7 Laps,92,139.117
86,3:15.073,7 Laps,93,195.073
86,2:24.135,10 Laps,94,144.135
86,2:32.457,10 Laps,95,152.457
86,2:18.591,9 Laps,96,138.591
86,2:19.351,9 Laps,97,139.351
86,2:18.778,10 Laps,98,138.778
86,2:18.839,10 Laps,99,138.839
86,2:45.971,9 Laps,100,165.971
86,2:19.628,9 Laps,101,139.628
86,2:19.012,9 Laps,102,139.012
86,2:15.284,10 Laps,103,135.284
86,2:19.228,11 Laps,104,139.228
86,2:18.805,11 Laps,105,138.805
86,3:31.341,22.490,106,211.341
86,2:24.019,1 Lap,107,144.019
86,2:25.187,2 Laps,108,145.187
86,2:25.758,2 Laps,109,145.758
86,3:31.521,3 Laps,110,211.52100000000002
86,2:24.115,4 Laps,111,144.115
86,2:24.835,4 Laps,112,144.835
86,3:32.841,4 Laps,113,212.841
86,2:17.158,4 Laps,114,137.15800000000002
86,2:40.344,5 Laps,115,160.344
86,4:48.368,5 Laps,116,288.368
86,2:21.200,5 Laps,117,141.2
86,2:22.826,5 Laps,118,142.826
86,3:50.811,7 Laps,119,230.811
86,2:20.252,7 Laps,120,140.252
86,2:20.191,7 Laps,121,140.191
86,4:55.228,10 Laps,122,295.228
86,3:02.880,9 Laps,123,182.88
86,2:22.043,9 Laps,124,142.043
86,2:22.215,9 Laps,125,142.215
86,2:20.097,10 Laps,126,140.097
86,2:19.512,9 Laps,127,139.512
86,2:18.393,9 Laps,128,138.393
86,2:18.907,10 Laps,129,138.907
86,2:18.031,10 Laps,130,138.031
86,2:17.118,11 Laps,131,137.118
86,2:17.989,11 Laps,132,137.989
86,2:18.940,11 Laps,133,138.94
86,2:18.750,11 Laps,134,138.75
88,4:26.457,10.318,1,266.457
88,2:35.161,46.697,2,155.161
88,2:30.423,1:03.834,3,150.423
88,3:58.388,1 Lap,4,238.388
88,2:28.432,1 Lap,5,148.432
88,2:22.069,2 Laps,6,142.069
88,2:22.662,2 Laps,7,142.662
88,2:22.781,3 Laps,8,142.781
88,2:37.075,4 Laps,9,157.075
88,2:25.917,4 Laps,10,145.917
88,2:19.718,4 Laps,11,139.718
88,2:18.875,4 Laps,12,138.875
88,2:19.221,4 Laps,13,139.221
88,2:19.677,5 Laps,14,139.677
88,2:18.895,5 Laps,15,138.895
88,2:17.171,6 Laps,16,137.171
88,4:59.531,6 Laps,17,299.531
88,2:38.983,6 Laps,18,158.983
88,3:46.077,7 Laps,19,226.077
88,3:03.261,7 Laps,20,183.261
88,2:17.864,6 Laps,21,137.864
88,2:19.144,7 Laps,22,139.144
88,2:18.319,8 Laps,23,138.319
88,2:18.631,8 Laps,24,138.631
88,2:20.248,8 Laps,25,140.248
88,2:19.488,8 Laps,26,139.488
88,3:19.463,1:12.641,27,199.463
88,2:50.977,1:48.642,28,170.977
88,2:35.380,1:33.383,29,155.38
88,2:23.504,1 Lap,30,143.504
88,2:23.600,2 Laps,31,143.6
88,2:23.519,2 Laps,32,143.519
88,2:22.694,3 Laps,33,142.694
88,2:23.386,3 Laps,34,143.386
88,4:48.490,4 Laps,35,288.49
88,3:19.907,3 Laps,36,199.907
88,2:17.985,4 Laps,37,137.985
88,2:16.852,4 Laps,38,136.852
88,2:19.283,4 Laps,39,139.28300000000002
88,2:20.102,4 Laps,40,140.102
88,2:19.697,5 Laps,41,139.697
88,2:20.617,5 Laps,42,140.617
88,2:25.568,5 Laps,43,145.568
88,2:17.460,6 Laps,44,137.46
88,2:17.662,6 Laps,45,137.662
88,2:43.465,6 Laps,46,163.465
88,2:19.661,6 Laps,47,139.661
88,2:23.489,7 Laps,48,143.489
88,4:40.974,7 Laps,49,280.974
88,3:09.164,6 Laps,50,189.164
88,2:17.960,6 Laps,51,137.96
88,2:17.970,6 Laps,52,137.97
88,2:17.811,7 Laps,53,137.811
88,2:17.826,7 Laps,54,137.826
88,2:18.927,8 Laps,55,138.927
88,2:19.157,8 Laps,56,139.157
88,2:19.744,8 Laps,57,139.744
88,2:48.354,1:04.700,58,168.35399999999998
88,2:30.860,1:58.313,59,150.86
88,2:27.978,1 Lap,60,147.978
88,2:23.614,1 Lap,61,143.614
88,2:24.970,2 Laps,62,144.97
88,2:27.448,2 Laps,63,147.448
88,2:23.681,3 Laps,64,143.681
88,2:32.737,3 Laps,65,152.737
88,3:24.953,3 Laps,66,204.953
88,2:17.062,4 Laps,67,137.062
88,2:19.441,4 Laps,68,139.441
88,2:19.371,5 Laps,69,139.371
88,3:43.925,6 Laps,70,223.925
88,2:19.394,6 Laps,71,139.394
88,2:18.282,6 Laps,72,138.282
88,2:19.831,6 Laps,73,139.831
88,2:18.134,6 Laps,74,138.13400000000001
88,2:17.711,7 Laps,75,137.711
88,2:16.987,7 Laps,76,136.987
88,2:28.966,6 Laps,77,148.966
88,2:47.293,6 Laps,78,167.293
88,2:20.315,6 Laps,79,140.315
88,2:18.280,6 Laps,80,138.28
88,2:16.174,7 Laps,81,136.174
88,2:16.794,7 Laps,82,136.794
88,2:19.002,8 Laps,83,139.002
88,2:19.933,8 Laps,84,139.933
88,2:19.529,9 Laps,85,139.529
88,2:19.345,9 Laps,86,139.345
88,2:27.540,1 Lap,87,147.54
88,2:25.868,2 Laps,88,145.868
88,2:32.837,2 Laps,89,152.837
88,2:22.822,3 Laps,90,142.822
88,2:21.924,3 Laps,91,141.924
88,2:29.660,3 Laps,92,149.66
88,2:18.530,4 Laps,93,138.53
88,2:18.255,4 Laps,94,138.255
88,2:18.840,4 Laps,95,138.84
88,2:19.985,4 Laps,96,139.985
88,2:21.137,5 Laps,97,141.137
88,2:20.235,5 Laps,98,140.235
88,3:20.058,6 Laps,99,200.058
88,2:55.595,6 Laps,100,175.595
88,2:55.710,6 Laps,101,175.71
88,2:18.259,6 Laps,102,138.25900000000001
88,2:18.232,6 Laps,103,138.232
88,2:16.228,7 Laps,104,136.228
88,2:19.090,6 Laps,105,139.09
88,2:47.288,6 Laps,106,167.288
88,2:18.972,6 Laps,107,138.972
88,2:19.264,6 Laps,108,139.264
88,2:17.115,7 Laps,109,137.115
88,2:17.571,7 Laps,110,137.571
88,2:18.900,8 Laps,111,138.9
88,3:29.147,23.643,112,209.147
88,2:27.433,1 Lap,113,147.433
88,2:22.903,2 Laps,114,142.903
88,3:11.050,3 Laps,115,191.05
88,2:23.951,3 Laps,116,143.951
88,2:24.378,4 Laps,117,144.378
88,2:28.906,3 Laps,118,148.906
88,3:43.211,4 Laps,119,223.211
88,3:28.922,4 Laps,120,208.922
88,3:58.117,4 Laps,121,238.117
88,2:18.791,4 Laps,122,138.791
88,2:19.696,5 Laps,123,139.696
88,2:18.764,6 Laps,124,138.764
88,2:17.573,6 Laps,125,137.573
88,3:02.207,6 Laps,126,182.207
88,2:18.391,6 Laps,127,138.391
88,2:24.263,6 Laps,128,144.263
88,2:18.797,7 Laps,129,138.797
88,2:21.544,7 Laps,130,141.544
88,2:18.283,6 Laps,131,138.28300000000002
88,2:18.591,6 Laps,132,138.591
88,2:25.140,7 Laps,133,145.14
88,3:41.622,7 Laps,134,221.622
88,2:17.811,7 Laps,135,137.811
88,2:19.623,8 Laps,136,139.623
88,2:20.053,8 Laps,137,140.053
9,4:21.836,5.697,1,261.836
9,2:32.183,20.740,2,152.183
9,2:13.562,14.385,3,133.562
9,4:56.657,3:28.028,4,296.657
9,2:11.026,1:59.866,5,131.026
9,2:13.275,1 Lap,6,133.275
9,2:17.438,1:57.236,7,137.438
9,2:13.632,1 Lap,8,133.632
9,2:47.302,1 Lap,9,167.302
9,2:10.885,1 Lap,10,130.885
9,2:10.731,1 Lap,11,130.731
9,3:17.602,1 Lap,12,197.602
9,2:11.949,1 Lap,13,131.949
9,2:12.537,1 Lap,14,132.537
9,2:09.761,2 Laps,15,129.761
9,2:10.889,2 Laps,16,130.889
9,2:09.050,2 Laps,17,129.05
9,2:10.069,2 Laps,18,130.069
9,2:28.367,2 Laps,19,148.367
9,2:38.024,2 Laps,20,158.024
9,2:11.308,2 Laps,21,131.308
9,2:10.994,2 Laps,22,130.994
9,3:02.020,2 Laps,23,182.02
9,4:54.349,2 Laps,24,294.349
9,2:10.955,1 Lap,25,130.955
9,2:17.029,1 Lap,26,137.029
9,2:09.516,1 Lap,27,129.516
9,3:04.906,2 Laps,28,184.906
9,2:11.549,2 Laps,29,131.549
9,2:10.819,2 Laps,30,130.819
9,2:10.914,2 Laps,31,130.914
9,2:20.425,26.189,32,140.425
9,2:11.688,20.242,33,131.688
9,2:11.550,25.862,34,131.55
9,2:10.267,2:03.098,35,130.267
9,2:12.566,1 Lap,36,132.566
9,2:11.590,1 Lap,37,131.59
9,3:36.448,1 Lap,38,216.448
9,3:29.530,1 Lap,39,209.53
9,2:12.869,1 Lap,40,132.869
9,2:17.078,1 Lap,41,137.078
9,2:12.921,1 Lap,42,132.921
9,2:11.372,1 Lap,43,131.372
9,2:12.065,1 Lap,44,132.065
9,2:12.258,1 Lap,45,132.258
9,2:08.754,2 Laps,46,128.754
9,2:09.945,2 Laps,47,129.945
9,2:09.964,2 Laps,48,129.964
9,2:40.809,2 Laps,49,160.809
9,2:11.706,2 Laps,50,131.706
9,2:09.574,2 Laps,51,129.574
9,2:09.785,2 Laps,52,129.785
9,3:04.915,1 Lap,53,184.915
9,3:18.521,1 Lap,54,198.52100000000002
9,2:10.144,1 Lap,55,130.144
9,2:10.865,1 Lap,56,130.865
9,2:11.345,2 Laps,57,131.345
9,2:10.547,2 Laps,58,130.547
9,2:11.619,2 Laps,59,131.619
9,2:13.639,2 Laps,60,133.639
9,3:23.185,17.078,61,203.185
9,4:02.929,16.978,62,242.929
9,2:10.948,27.437,63,130.948
9,2:10.875,2:07.316,64,130.875
9,2:11.609,1 Lap,65,131.609
9,2:13.202,1 Lap,66,133.202
9,2:14.026,2:20.596,67,134.026
9,2:10.709,1 Lap,68,130.709
9,2:13.647,1 Lap,69,133.647
9,4:53.834,1 Lap,70,293.834
9,3:28.473,1 Lap,71,208.473
9,3:14.758,1 Lap,72,194.758
9,2:10.901,1 Lap,73,130.901
9,2:18.166,1 Lap,74,138.166
9,2:11.683,2 Laps,75,131.683
9,2:10.060,2 Laps,76,130.06
9,2:09.763,2 Laps,77,129.763
9,2:15.807,2 Laps,78,135.807
9,2:08.361,2 Laps,79,128.361
9,2:10.089,2 Laps,80,130.089
9,2:10.100,1 Lap,81,130.1
9,2:25.025,1 Lap,82,145.025
9,2:55.915,1 Lap,83,175.915
9,2:09.892,1 Lap,84,129.892
9,2:09.617,1 Lap,85,129.617
9,2:09.701,1 Lap,86,129.701
9,2:09.458,1 Lap,87,129.458
9,2:11.354,2 Laps,88,131.35399999999998
9,2:10.444,2 Laps,89,130.444
9,2:11.707,2 Laps,90,131.707
9,2:12.124,2 Laps,91,132.124
9,2:10.385,26.791,92,130.385
9,2:11.515,32.137,93,131.515
9,2:10.660,1 Lap,94,130.66
9,2:11.922,1:44.338,95,131.922
9,2:11.051,1 Lap,96,131.051
9,2:11.617,1 Lap,97,131.617
9,2:48.965,1 Lap,98,168.965
9,2:13.425,1 Lap,99,133.425
9,2:11.563,1 Lap,100,131.563
9,2:10.855,1 Lap,101,130.855
9,2:12.174,1 Lap,102,132.174
9,2:13.096,1 Lap,103,133.096
9,3:38.893,2 Laps,104,218.893
9,2:08.920,2 Laps,105,128.92
9,3:14.760,2 Laps,106,194.76
9,4:15.414,3 Laps,107,255.414
9,2:08.499,2 Laps,108,128.499
9,2:08.767,2 Laps,109,128.767
9,2:15.716,1 Lap,110,135.716
9,2:47.882,1 Lap,111,167.882
9,2:13.018,1 Lap,112,133.018
9,2:10.198,1 Lap,113,130.198
9,2:08.964,1 Lap,114,128.964
9,2:09.932,1 Lap,115,129.932
9,2:09.505,1 Lap,116,129.505
9,2:11.878,2 Laps,117,131.878
9,2:10.734,2 Laps,118,130.734
9,3:34.077,8.486,119,214.077
9,2:17.730,14.109,120,137.73
9,2:18.227,44.097,121,138.227
9,2:11.788,1 Lap,122,131.788
9,2:11.125,1 Lap,123,131.125
9,2:11.388,1:45.051,124,131.388
9,2:11.737,1:47.972,125,131.737
9,2:10.276,1 Lap,126,130.276
9,2:13.223,1 Lap,127,133.223
9,4:07.392,1 Lap,128,247.392
9,2:11.222,1 Lap,129,131.222
9,2:12.117,1 Lap,130,132.117
9,2:08.612,2 Laps,131,128.612
9,2:10.071,2 Laps,132,130.071
9,2:08.960,2 Laps,133,128.96
9,5:04.222,3 Laps,134,304.222
9,3:04.554,2 Laps,135,184.554
9,2:09.008,2 Laps,136,129.008
9,2:09.300,2 Laps,137,129.3
9,3:11.285,2 Laps,138,191.285
9,2:11.712,2 Laps,139,131.712
9,2:11.172,1 Lap,140,131.172
9,2:11.123,1 Lap,141,131.123
9,2:09.061,1 Lap,142,129.061
9,2:08.987,1 Lap,143,128.987
9,2:15.909,1 Lap,144,135.909
9,2:10.603,2 Laps,145,130.603
93,4:17.514,1.375,1,257.514
93,2:20.136,4.371,2,140.136
93,2:23.409,14.955,3,143.409
93,3:41.935,1 Lap,4,221.935
93,2:09.705,1 Lap,5,129.705
93,2:11.523,1:49.909,6,131.523
93,2:10.958,1:53.677,7,130.958
93,2:07.678,1 Lap,8,127.678
93,2:39.749,1 Lap,9,159.749
93,2:10.567,1 Lap,10,130.567
93,2:09.501,1 Lap,11,129.501
93,2:09.501,2:04.268,12,129.501
93,2:08.510,1:27.556,13,128.51
93,2:07.431,1 Lap,14,127.431
93,2:07.747,1 Lap,15,127.747
93,2:11.279,1 Lap,16,131.279
93,2:10.192,1 Lap,17,130.192
93,2:09.106,1 Lap,18,129.106
93,2:09.208,1 Lap,19,129.208
93,2:45.093,2 Laps,20,165.09300000000002
93,2:10.135,2 Laps,21,130.135
93,2:10.201,2 Laps,22,130.201
93,2:14.680,1 Lap,23,134.68
93,2:46.886,1 Lap,24,166.886
93,2:05.708,1 Lap,25,125.708
93,2:05.212,1 Lap,26,125.212
93,2:09.869,2 Laps,27,129.869
93,2:09.635,2 Laps,28,129.635
93,2:09.203,1 Lap,29,129.203
93,2:16.882,1 Lap,30,136.882
93,2:11.510,2 Laps,31,131.51
93,2:11.497,2 Laps,32,131.497
93,2:17.712,7.107,33,137.712
93,3:42.985,1:52.109,34,222.985
93,2:09.208,1 Lap,35,129.208
93,2:09.133,1 Lap,36,129.133
93,2:10.439,1 Lap,37,130.439
93,2:10.576,1 Lap,38,130.576
93,2:16.091,2:02.279,39,136.091
93,3:29.711,1 Lap,40,209.711
93,2:11.429,1 Lap,41,131.429
93,2:09.567,1 Lap,42,129.567
93,2:09.277,1:32.511,43,129.277
93,2:07.737,1 Lap,44,127.737
93,2:08.954,1 Lap,45,128.954
93,2:08.914,1 Lap,46,128.914
93,2:10.096,1 Lap,47,130.096
93,2:49.853,2 Laps,48,169.853
93,2:08.645,2 Laps,49,128.645
93,2:10.429,2 Laps,50,130.429
93,2:09.386,1 Lap,51,129.386
93,4:41.278,1 Lap,52,281.278
93,4:39.713,1 Lap,53,279.713
93,2:07.653,1 Lap,54,127.653
93,2:07.866,1 Lap,55,127.866
93,2:10.430,2 Laps,56,130.43
93,2:09.776,2 Laps,57,129.776
93,2:55.955,2 Laps,58,175.95499999999998
93,2:11.590,2 Laps,59,131.59
93,2:14.235,2 Laps,60,134.235
93,3:29.583,4.394,61,209.583
93,4:02.982,4.347,62,242.982
93,2:13.016,1:59.195,63,133.016
93,2:09.535,1:59.357,64,129.535
93,2:10.851,1 Lap,65,130.851
93,2:10.449,1 Lap,66,130.449
93,2:11.603,1 Lap,67,131.603
93,2:11.518,2:19.587,68,131.518
93,3:56.223,1 Lap,69,236.223
93,4:54.758,1 Lap,70,294.758
93,3:27.514,1 Lap,71,207.514
93,2:08.732,1 Lap,72,128.732
93,2:08.916,1:35.877,73,128.916
93,2:08.916,1:39.203,74,128.916
93,2:08.324,1 Lap,75,128.324
93,2:09.656,1 Lap,76,129.656
93,2:11.929,1 Lap,77,131.929
93,2:10.641,1 Lap,78,130.641
93,2:09.154,1 Lap,79,129.154
93,2:16.237,1 Lap,80,136.237
93,2:07.616,2 Laps,81,127.616
93,2:08.971,2 Laps,82,128.971
93,2:09.247,1 Lap,83,129.247
93,2:09.988,1 Lap,84,129.988
93,3:19.609,1 Lap,85,199.609
93,2:09.594,1 Lap,86,129.594
93,2:10.117,1 Lap,87,130.117
93,2:10.588,1 Lap,88,130.588
93,2:10.857,1 Lap,89,130.857
93,2:12.522,2 Laps,90,132.522
93,2:10.310,2 Laps,91,130.31
93,2:12.382,2 Laps,92,132.382
93,2:12.068,2 Laps,93,132.068
93,2:09.733,1:58.059,94,129.733
93,2:11.795,1 Lap,95,131.795
93,2:12.444,1:43.851,96,132.444
93,2:15.964,1 Lap,97,135.964
93,2:11.006,1 Lap,98,131.006
93,2:47.896,1 Lap,99,167.89600000000002
93,2:11.457,1 Lap,100,131.457
93,2:08.621,1 Lap,101,128.621
93,2:08.470,1 Lap,102,128.47
93,2:15.366,1:47.700,103,135.36599999999999
93,2:09.413,1 Lap,104,129.413
93,2:09.353,1 Lap,105,129.353
93,3:15.229,1 Lap,106,195.22899999999998
93,4:21.479,2 Laps,107,261.479
93,2:09.608,2 Laps,108,129.608
93,2:10.633,1 Lap,109,130.633
93,2:58.122,1 Lap,110,178.122
93,2:14.016,2 Laps,111,134.016
93,2:11.690,2 Laps,112,131.69
93,2:10.202,1 Lap,113,130.202
93,2:09.834,1 Lap,114,129.834
93,2:11.995,2 Laps,115,131.995
93,2:13.298,2 Laps,116,133.298
93,3:38.822,2.454,117,218.822
93,2:14.485,4.832,118,134.485
93,2:09.446,2:01.336,119,129.446
93,2:17.188,2:12.257,120,137.188
93,2:11.157,1 Lap,121,131.157
93,2:11.128,1 Lap,122,131.128
93,2:11.721,1:44.897,123,131.721
93,2:10.479,1:46.560,124,130.47899999999998
93,2:06.305,1 Lap,125,126.305
93,2:12.236,1 Lap,126,132.236
93,2:14.109,1 Lap,127,134.109
93,5:06.653,5:22.644,128,306.653
93,3:31.049,1 Lap,129,211.049
93,2:08.789,1 Lap,130,128.789
93,2:11.460,1 Lap,131,131.46
93,2:09.782,1 Lap,132,129.782
93,2:08.607,1 Lap,133,128.607
93,5:03.354,2 Laps,134,303.354
93,5:01.086,2 Laps,135,301.086
93,2:10.248,2 Laps,136,130.248
93,2:09.718,2 Laps,137,129.718
93,2:08.531,1 Lap,138,128.531
93,2:08.933,1 Lap,139,128.933
93,3:46.864,1 Lap,140,226.864
93,2:10.465,1 Lap,141,130.465
93,2:11.123,2 Laps,142,131.123
93,2:09.685,1 Lap,143,129.685
93,2:09.877,1 Lap,144,129.877
93,2:11.593,2 Laps,145,131.593
94,4:17.803,1.664,1,257.803
94,2:21.592,6.116,2,141.59199999999998
94,2:25.457,20.238,3,145.457
94,3:50.993,3:20.808,4,230.993
94,2:07.651,1:49.271,5,127.651
94,2:09.848,2:02.910,6,129.848
94,2:12.164,1 Lap,7,132.164
94,2:10.806,1:25.023,8,130.806
94,2:10.085,1:27.918,9,130.085
94,2:06.382,1 Lap,10,126.382
94,2:22.195,1 Lap,11,142.195
94,2:10.572,1 Lap,12,130.572
94,2:12.112,2:02.078,13,132.112
94,2:10.263,1:27.119,14,130.263
94,2:11.900,2 Laps,15,131.9
94,2:10.960,2 Laps,16,130.96
94,2:12.526,2 Laps,17,132.526
94,2:10.808,2 Laps,18,130.808
94,2:09.462,2 Laps,19,129.462
94,2:09.892,2 Laps,20,129.892
94,2:44.428,3 Laps,21,164.428
94,2:07.463,3 Laps,22,127.463
94,2:07.333,3 Laps,23,127.333
94,2:11.324,2 Laps,24,131.324
94,2:52.008,2 Laps,25,172.008
94,2:08.141,2 Laps,26,128.141
94,2:08.070,2 Laps,27,128.07
94,2:08.966,2 Laps,28,128.966
94,2:08.321,2 Laps,29,128.321
94,2:08.827,2 Laps,30,128.827
94,2:14.280,2 Laps,31,134.28
94,2:10.995,2 Laps,32,130.995
94,2:11.523,2 Laps,33,131.523
94,2:17.982,9.122,34,137.982
94,3:16.772,1:31.179,35,196.772
94,2:09.495,1:51.731,36,129.495
94,2:12.357,2:13.034,37,132.357
94,2:19.368,1:39.797,38,139.368
94,4:07.348,1 Lap,39,247.348
94,4:54.267,1 Lap,40,294.267
94,2:09.429,1 Lap,41,129.429
94,2:08.493,1 Lap,42,128.493
94,2:09.310,1:32.107,43,129.31
94,2:09.866,2 Laps,44,129.86599999999999
94,2:11.828,2 Laps,45,131.828
94,2:10.350,2 Laps,46,130.35
94,2:10.328,2 Laps,47,130.328
94,2:51.073,3 Laps,48,171.073
94,2:14.655,3 Laps,49,134.655
94,2:07.625,3 Laps,50,127.625
94,2:08.014,2 Laps,51,128.014
94,4:42.497,2 Laps,52,282.497
94,4:41.748,2 Laps,53,281.748
94,2:08.183,2 Laps,54,128.183
94,2:11.594,2 Laps,55,131.594
94,2:09.506,2 Laps,56,129.506
94,2:08.456,2 Laps,57,128.456
94,2:53.857,2 Laps,58,173.857
94,2:11.333,2 Laps,59,131.333
94,3:29.191,6.017,60,209.191
94,4:03.332,6.320,61,243.332
94,2:11.763,1:37.012,62,131.763
94,2:07.682,1:35.321,63,127.682
94,2:09.303,1:54.377,64,129.303
94,2:08.464,1:54.395,65,128.464
94,2:14.154,2:13.033,66,134.154
94,2:11.735,1:56.478,67,131.735
94,3:52.933,1 Lap,68,232.933
94,3:30.347,1 Lap,69,210.347
94,2:08.719,1 Lap,70,128.719
94,2:10.877,1:37.434,71,130.877
94,2:15.687,1:47.531,72,135.687
94,2:09.643,2 Laps,73,129.643
94,2:10.725,2 Laps,74,130.725
94,2:14.838,2 Laps,75,134.838
94,2:11.986,2 Laps,76,131.986
94,2:17.474,2 Laps,77,137.474
94,2:09.058,3 Laps,78,129.058
94,2:09.523,3 Laps,79,129.523
94,2:08.507,2 Laps,80,128.507
94,2:09.174,2 Laps,81,129.174
94,3:19.049,2 Laps,82,199.049
94,2:10.815,2 Laps,83,130.815
94,2:09.067,2 Laps,84,129.067
94,2:08.440,2 Laps,85,128.44
94,2:09.216,2 Laps,86,129.216
94,2:09.392,2 Laps,87,129.392
94,2:10.408,2 Laps,88,130.408
94,2:10.466,2 Laps,89,130.466
94,2:10.533,1:34.823,90,130.533
94,2:09.709,1:55.476,91,129.709
94,2:10.379,1:58.185,92,130.379
94,2:12.179,1:20.477,93,132.179
94,2:10.909,1:20.711,94,130.909
94,2:15.421,1 Lap,95,135.421
94,2:08.186,1 Lap,96,128.186
94,2:51.773,1 Lap,97,171.773
94,2:11.258,1 Lap,98,131.258
94,2:09.239,1 Lap,99,129.239
94,2:09.505,1 Lap,100,129.505
94,2:09.592,2 Laps,101,129.592
94,2:10.774,2 Laps,102,130.774
94,3:11.349,2 Laps,103,191.349
94,4:03.657,3 Laps,104,243.657
94,2:31.479,3 Laps,105,151.47899999999998
94,2:09.642,3 Laps,106,129.642
94,2:10.432,2 Laps,107,130.432
94,2:59.525,2 Laps,108,179.525
94,3:14.282,2 Laps,109,194.282
94,2:08.796,2 Laps,110,128.796
94,2:08.157,2 Laps,111,128.157
94,2:08.691,2 Laps,112,128.691
94,2:08.291,2 Laps,113,128.291
94,2:09.394,2 Laps,114,129.394
94,2:09.564,2 Laps,115,129.564
94,2:10.785,2 Laps,116,130.785
94,3:38.326,3.389,117,218.326
94,2:16.785,8.067,118,136.785
94,2:09.775,1:38.429,119,129.775
94,2:10.379,1:42.541,120,130.379
94,2:09.852,2:00.953,121,129.852
94,2:10.496,1:22.391,122,130.496
94,2:05.992,1 Lap,123,125.992
94,2:13.656,1 Lap,124,133.656
94,2:09.058,1 Lap,125,129.058
94,2:09.715,1 Lap,126,129.715
94,5:11.339,5:17.843,127,311.339
94,5:17.224,2 Laps,128,317.224
94,2:12.152,2 Laps,129,132.152
94,2:12.480,2 Laps,130,132.48
94,2:10.465,2 Laps,131,130.465
94,2:09.397,2 Laps,132,129.397
94,4:55.529,3 Laps,133,295.529
94,4:59.318,3 Laps,134,299.318
94,2:08.275,3 Laps,135,128.275
94,2:06.443,3 Laps,136,126.443
94,2:07.864,2 Laps,137,127.864
94,2:08.279,2 Laps,138,128.279
94,2:08.015,2 Laps,139,128.015
94,2:08.441,2 Laps,140,128.441
94,2:11.315,2 Laps,141,131.315
94,2:08.836,2 Laps,142,128.836
94,2:09.140,2 Laps,143,129.14
94,2:09.439,2 Laps,144,129.439
94,2:09.918,2 Laps,145,129.918
98,4:27.677,11.538,1,267.677
98,2:30.765,38.561,2,150.765
98,2:27.345,52.620,3,147.345
98,3:17.960,1 Lap,4,197.96
98,2:23.948,2 Laps,5,143.948
98,2:23.593,3 Laps,6,143.593
98,2:36.235,4 Laps,7,156.235
98,2:29.989,3 Laps,8,149.989
98,3:31.707,4 Laps,9,211.707
98,2:19.213,4 Laps,10,139.213
98,2:20.366,5 Laps,11,140.36599999999999
98,2:20.710,5 Laps,12,140.71
98,2:20.461,5 Laps,13,140.461
98,2:20.404,6 Laps,14,140.404
98,2:17.457,7 Laps,15,137.457
98,2:18.110,7 Laps,16,138.11
98,2:24.773,6 Laps,17,144.773
98,2:38.417,6 Laps,18,158.417
98,2:18.994,6 Laps,19,138.994
98,2:22.400,7 Laps,20,142.4
98,2:46.856,7 Laps,21,166.856
98,2:18.752,6 Laps,22,138.752
98,2:18.358,6 Laps,23,138.358
98,2:18.526,7 Laps,24,138.526
98,2:19.651,8 Laps,25,139.651
98,2:20.070,8 Laps,26,140.07
98,2:20.612,9 Laps,27,140.612
98,2:46.887,41.285,28,166.887
98,2:38.741,1:05.050,29,158.74099999999999
98,2:25.131,1:11.920,30,145.131
98,2:22.954,1 Lap,31,142.954
98,2:33.582,2 Laps,32,153.582
98,2:21.813,3 Laps,33,141.813
98,2:21.884,3 Laps,34,141.88400000000001
98,4:48.504,4 Laps,35,288.504
98,3:20.107,3 Laps,36,200.107
98,3:55.571,4 Laps,37,235.571
98,2:21.713,4 Laps,38,141.713
98,2:20.409,5 Laps,39,140.409
98,2:20.549,6 Laps,40,140.549
98,2:17.725,7 Laps,41,137.725
98,2:40.213,6 Laps,42,160.213
98,2:25.765,6 Laps,43,145.765
98,4:41.832,7 Laps,44,281.832
98,3:05.564,6 Laps,45,185.564
98,2:18.566,6 Laps,46,138.566
98,2:19.491,6 Laps,47,139.49099999999999
98,2:19.166,8 Laps,48,139.166
98,2:19.690,8 Laps,49,139.69
98,2:20.412,8 Laps,50,140.412
98,2:20.600,8 Laps,51,140.6
98,2:20.985,9 Laps,52,140.985
98,2:21.032,9 Laps,53,141.032
98,3:01.405,34.159,54,181.405
98,2:25.590,1:31.580,55,145.59
98,2:24.021,1:46.228,56,144.02100000000002
98,2:22.135,1 Lap,57,142.135
98,2:22.320,1 Lap,58,142.32
98,3:57.062,3 Laps,59,237.062
98,2:29.132,2 Laps,60,149.132
98,2:23.564,3 Laps,61,143.564
98,2:32.538,3 Laps,62,152.538
98,3:24.747,3 Laps,63,204.747
98,2:22.982,4 Laps,64,142.982
98,2:18.447,4 Laps,65,138.447
98,2:21.213,4 Laps,66,141.213
98,2:19.998,4 Laps,67,139.998
98,2:20.983,5 Laps,68,140.983
98,2:21.462,5 Laps,69,141.462
98,2:28.151,6 Laps,70,148.151
98,2:18.186,7 Laps,71,138.186
98,2:18.345,7 Laps,72,138.345
98,2:20.146,6 Laps,73,140.14600000000002
98,2:20.681,6 Laps,74,140.681
98,3:48.556,7 Laps,75,228.55599999999998
98,2:23.864,7 Laps,76,143.864
98,2:32.363,6 Laps,77,152.363
98,2:42.923,6 Laps,78,162.923
98,2:18.828,6 Laps,79,138.828
98,2:20.559,6 Laps,80,140.559
98,2:18.594,7 Laps,81,138.594
98,2:17.357,7 Laps,82,137.357
98,2:20.038,8 Laps,83,140.038
98,2:20.385,9 Laps,84,140.385
98,2:20.714,9 Laps,85,140.714
98,2:23.928,1:59.125,86,143.928
98,2:22.556,1 Lap,87,142.556
98,2:23.566,3 Laps,88,143.566
98,2:21.792,3 Laps,89,141.792
98,2:22.150,3 Laps,90,142.15
98,2:30.115,3 Laps,91,150.115
98,2:17.841,4 Laps,92,137.841
98,2:19.653,4 Laps,93,139.653
98,2:20.340,4 Laps,94,140.34
98,2:19.925,4 Laps,95,139.925
98,2:21.838,5 Laps,96,141.838
98,3:48.921,7 Laps,97,228.921
98,3:27.948,6 Laps,98,207.948
98,2:21.200,7 Laps,99,141.2
98,2:33.640,7 Laps,100,153.64
98,2:18.695,6 Laps,101,138.695
98,2:19.012,6 Laps,102,139.012
98,2:19.615,7 Laps,103,139.615
98,2:45.271,6 Laps,104,165.27100000000002
98,2:20.127,6 Laps,105,140.127
98,2:31.525,7 Laps,106,151.525
98,2:17.189,7 Laps,107,137.189
98,2:20.170,8 Laps,108,140.17000000000002
98,2:19.813,8 Laps,109,139.813
98,3:30.136,19.903,110,210.136
98,2:23.548,1 Lap,111,143.548
98,3:09.149,1 Lap,112,189.149
98,2:24.387,1 Lap,113,144.387
98,2:23.708,2 Laps,114,143.708
98,2:23.369,3 Laps,115,143.369
98,2:20.401,3 Laps,116,140.401
98,2:22.825,4 Laps,117,142.825
98,2:21.754,3 Laps,118,141.754
98,2:21.157,3 Laps,119,141.157
98,4:05.402,4 Laps,120,245.402
98,2:20.666,5 Laps,121,140.666
98,2:21.856,5 Laps,122,141.856
98,2:20.982,5 Laps,123,140.982
98,2:21.530,7 Laps,124,141.53
98,4:52.322,7 Laps,125,292.322
98,3:03.196,6 Laps,126,183.196
98,2:21.113,6 Laps,127,141.113
98,2:22.391,6 Laps,128,142.391
98,2:16.610,7 Laps,129,136.61
98,2:17.682,7 Laps,130,137.682
98,2:17.787,6 Laps,131,137.787
98,3:38.396,7 Laps,132,218.39600000000002
98,2:22.358,7 Laps,133,142.358
98,2:18.248,8 Laps,134,138.248
98,2:19.398,8 Laps,135,139.398
98,2:21.336,8 Laps,136,141.336
98,2:20.959,8 Laps,137,140.959
